m1,a1,b1,l1,m2,a2,b2,l2,c,e_cartela,energy,stress,force,mass_kg,energy_per_mass,sim_time_s,y_max_stress_mm,valid_ansys,pivot_height_mm,lever_arm_mm,modo_fallo
3,70,70,1000,3,70,70,1000,80,3,2779.227699,1186345417,6265.061791,12.96002648,214.4461435,1393.064814,181.0344828,1,181.0344828,818.9655172,Viga
2.5,85,55,1000,2.5,85,55,1000,80,3.5,2457.019767,1106477785,6080.182387,10.94430428,224.5021433,2028.267903,202.5862069,1,202.5862069,797.4137931,Viga
3.5,55,85,1000,3.5,55,85,1000,80,2.5,2765.039101,958446921.4,5787.810962,14.9310268,185.1874716,1019.600135,150.862069,1,150.862069,849.137931,Viga
2.25,77.5,77.5,1000,3.75,92.5,77.5,1000,80,2.25,0,0,5830.56543581,15.1515069917,0,331.0208086,92.5,0,0,1000,Cartela
3.25,47.5,47.5,1000,2.75,62.5,47.5,1000,80,3.25,1673.17614,484395642,4077.584292,9.327884469,179.3735917,902.575438,177.2151899,1,177.2151899,822.7848101,Viga
2.75,62.5,92.5,1000,3.25,47.5,92.5,1000,80,3.75,2223.473132,1189939730,5283.438856,13.76296875,161.5547614,974.7995295,136.3636364,1,136.3636364,863.6363636,Viga
3.75,92.5,62.5,1000,2.25,77.5,62.5,1000,80,2.75,4812.669975,902673704.3,10554.34048,13.76140668,349.7222404,995.6217723,77.5,1,0,1000,Cartela
2.125,96.25,51.25,1000,3.375,58.75,51.25,1000,80,2.125,1187.801491,825467722.8,4686.679192,10.45361998,113.6258533,1799.72525,138.75,1,0,1000,Cartela
3.125,66.25,81.25,1000,2.375,88.75,81.25,1000,80,3.125,2939.802243,1115420812,6678.59826,13.47433827,218.1778566,1140.151332,186.2745098,1,186.2745098,813.7254902,Viga
2.625,51.25,66.25,1000,3.875,73.75,66.25,1000,80,3.625,1521.907896,1206304251,3322.751295,13.06727154,116.4671517,1043.80227,170.6349206,1,170.6349206,829.3650794,Viga
3.625,81.25,96.25,1000,2.875,43.75,96.25,1000,80,2.625,3830.958834,832565607.9,8115.465549,16.10533311,237.8689597,830.2809227,123.75,1,0,1000,Cartela
2.375,58.75,73.75,1000,2.625,81.25,73.75,1000,80,2.375,1515.719508,1125568921,3872.611069,11.20993084,135.2122087,1320.972037,183.0357143,1,183.0357143,816.9642857,Viga
3.375,88.75,43.75,1000,3.625,51.25,43.75,1000,80,3.375,3173.252199,1030807658,7621.183464,11.95794737,265.3676338,977.6028738,131.25,1,0,1000,Cartela
2.875,73.75,88.75,1000,2.125,66.25,88.75,1000,80,3.875,2862.863884,1178778278,7042.668489,12.60481212,227.1246772,1131.235159,151.9607843,1,151.9607843,848.0392157,Viga
3.875,43.75,58.75,1000,3.125,96.25,58.75,1000,80,2.875,2058.942513,496202571.8,4886.782408,13.35685005,154.1488079,1242.512319,214.2857143,1,214.2857143,785.7142857,Viga
2.0625,71.875,68.125,1000,2.8125,53.125,68.125,1000,80,2.5625,1373.53452161,1330639046.56,4113.52767369,9.78914920381,140.3119406,1537.7357315,149.193548387,1,149.193548387,850.806451613,Viga
3.0625,41.875,98.125,1000,3.8125,83.125,98.125,1000,80,3.5625,1686.70102888,904730473.931,4003.19105627,17.3188612743,97.3909890589,812.3517775,185,1,185,815,Viga
2.5625,56.875,53.125,1000,2.3125,98.125,53.125,1000,80,3.0625,1653.28676939,1086678664.19,3550.40290527,9.84101020617,167.999700717,1531.6898717,209.677419355,1,209.677419355,790.322580645,Viga
3.5625,86.875,83.125,1000,3.3125,68.125,83.125,1000,80,2.0625,3995.37455671,773475660.682,8561.53800987,16.8870913097,236.593412296,761.3190693,148.125,1,0,1000,Cartela
2.3125,49.375,90.625,1000,3.0625,90.625,90.625,1000,80,2.8125,1276.99167521,1044505702.33,3584.12732647,13.7028555826,93.1916466255,1007.6898997,195,1,195,805,Viga
3.3125,79.375,60.625,1000,2.0625,60.625,60.625,1000,80,3.8125,3881.28450824,1000586618.44,8284.09498413,11.1258025873,348.854339072,2082.7707419,181.451612903,1,181.451612903,818.548387097,Viga
2.8125,94.375,75.625,1000,3.5625,45.625,75.625,1000,80,3.3125,1972.5118889,807324569.232,6190.53843667,14.0302400308,140.590031572,1299.9560125,125.625,1,0,1000,Cartela
3.8125,64.375,45.625,1000,2.5625,75.625,45.625,1000,80,2.3125,3153.7574787,518016780.431,8212.59138111,11.0095217438,286.457264183,1065.1240372,155.625,1,0,1000,Cartela
2.1875,68.125,56.875,1000,3.6875,64.375,56.875,1000,80,2.6875,1470.27446068,1193636424.28,3734.08851524,11.0061370897,133.586784237,1263.6815868,157.692307692,1,157.692307692,842.307692308,Viga
3.1875,98.125,86.875,1000,2.6875,94.375,86.875,1000,80,3.6875,4592.49728149,815909332.611,11900.7786876,16.8296632143,272.881116098,902.4796129,174.375,1,0,1000,Cartela
2.6875,83.125,41.875,1000,3.1875,79.375,41.875,1000,80,3.1875,2848.44056081,1291791250.82,6241.33497744,11.0748871462,257.198156804,1962.3851564,200,1,200,800,Viga
3.6875,53.125,71.875,1000,2.1875,49.375,71.875,1000,80,2.1875,2644.24824565,717270872.422,5713.87869495,11.0732151415,238.796791344,1170.3518136,165.384615385,1,165.384615385,834.615384615,Viga
2.4375,90.625,94.375,1000,2.4375,71.875,94.375,1000,80,2.9375,2145.45586928,762535001.668,6744.42723321,13.4625702755,159.364506582,860.468375,151.875,1,0,1000,Cartela
3.4375,60.625,64.375,1000,3.4375,41.875,64.375,1000,80,3.9375,2797.12435084,779454983.505,5915.86313255,12.1611422802,230.005067483,869.5730103,157.142857143,1,157.142857143,842.857142857,Viga
2.9375,45.625,79.375,1000,2.9375,56.875,79.375,1000,80,3.4375,1624.82728586,951991606.155,3594.13455993,11.9216547238,136.292093968,1068.0145357,161.290322581,1,161.290322581,838.709677419,Viga
3.9375,75.625,49.375,1000,3.9375,86.875,49.375,1000,80,2.4375,4483.06570921,592695918.419,11494.9622322,15.4058504909,290.997612359,1534.9291064,166.875,1,0,1000,Cartela
2.03125,87.8125,87.8125,1000,3.90625,80.3125,87.8125,1000,80,3.84375,1729.78679034,1153171944.31,6181.28365062,15.7955341858,109.511129538,1197.8405069,175.531914894,1,175.531914894,824.468085106,Viga
3.03125,57.8125,57.8125,1000,2.90625,50.3125,57.8125,1000,80,2.84375,2125.78703775,882918361.277,4423.37764935,10.1712052195,209.000506024,992.9962346,159.722222222,1,159.722222222,840.277777778,Viga
2.53125,42.8125,72.8125,1000,3.40625,65.3125,72.8125,1000,80,2.34375,1166.22245108,1004660017.62,2673.68043735,11.6853068739,99.8024667786,1053.1471664,167.96875,1,167.96875,832.03125,Viga
3.53125,72.8125,42.8125,1000,2.40625,95.3125,42.8125,1000,80,3.34375,3603.616691,514721480.901,9384.64092611,11.3500220735,317.498650458,1411.4182416,210.9375,1,210.9375,789.0625,Viga
2.28125,65.3125,65.3125,1000,2.15625,57.8125,65.3125,1000,80,3.59375,1513.19830382,1418295730.78,3956.10104357,8.9260099102,169.526845595,1447.3851706,152.34375,1,152.34375,847.65625,Viga
3.28125,95.3125,95.3125,1000,3.15625,87.8125,95.3125,1000,80,2.59375,4371.2166271,775596079.15,10335.7182587,18.5933098989,235.096206694,788.2791587,167.8125,1,0,1000,Cartela
2.78125,80.3125,50.3125,1000,2.65625,72.8125,50.3125,1000,80,2.09375,2861.44762199,1223265678.51,6299.50789747,10.5726510677,270.646179815,2094.8366284,187.5,1,187.5,812.5,Viga
3.78125,50.3125,80.3125,1000,3.65625,42.8125,80.3125,1000,80,3.09375,2638.64091283,771449824.14,5757.72365497,14.3296117304,184.139037573,1152.5777812,148.4375,1,148.4375,851.5625,Viga
2.15625,54.0625,99.0625,1000,2.53125,99.0625,99.0625,1000,80,3.96875,1309.16975248,1034170640.61,3893.84239209,13.2584990756,98.741927349,788.2948597,201.086956522,1,201.086956522,798.913043478,Viga
3.15625,84.0625,69.0625,1000,3.53125,69.0625,69.0625,1000,80,2.96875,3904.49882053,1203729465.72,8760.60092324,14.8722448976,262.535941776,1676.5575668,195.454545455,1,195.454545455,804.545454545,Viga
2.65625,99.0625,84.0625,1000,2.03125,54.0625,84.0625,1000,80,2.46875,2009.72039719,776747804.894,5781.38729433,11.998784799,167.493661304,1305.942053,134.0625,1,0,1000,Cartela
3.65625,69.0625,54.0625,1000,3.03125,84.0625,54.0625,1000,80,3.46875,3695.82675686,762744180.279,8620.14000408,13.2735768245,278.434878988,1610.2434343,201.612903226,1,201.612903226,798.387096774,Viga
2.40625,76.5625,61.5625,1000,3.28125,46.5625,61.5625,1000,80,3.71875,2035.61488969,1247281984.62,4969.46546995,10.6583353896,190.98806852,1393.4195705,126.923076923,1,126.923076923,873.076923077,Viga
3.40625,46.5625,91.5625,1000,2.28125,76.5625,91.5625,1000,80,2.71875,2228.64721809,872283035.155,4865.85963627,13.2378996441,168.353536287,1038.0857147,179.245283019,1,179.245283019,820.754716981,Viga
2.90625,61.5625,46.5625,1000,3.78125,91.5625,46.5625,1000,80,2.21875,2234.86150576,956529392.012,4864.7454359,12.62230702,177.056500228,1682.427851,207.692307692,1,207.692307692,792.307692308,Viga
3.90625,91.5625,76.5625,1000,2.78125,61.5625,76.5625,1000,80,3.21875,4977.79241487,921847850.121,10520.2153929,16.0004518027,311.103241099,951.041794,141.5625,1,0,1000,Cartela
2.09375,55.9375,82.1875,1000,3.21875,74.6875,82.1875,1000,80,3.28125,1144.38483823,1115135792.34,3385.12525311,12.4096083679,92.2176433212,1113.4973329,172.727272727,1,172.727272727,827.272727273,Viga
3.09375,85.9375,52.1875,1000,2.21875,44.6875,52.1875,1000,80,2.28125,2487.11706875,971720843.268,5782.51017764,9.84896110373,252.525829126,1131.6731332,124.6875,1,0,1000,Cartela
2.59375,70.9375,97.1875,1000,3.71875,59.6875,97.1875,1000,80,2.78125,2423.05119479,1131736114.8,6186.83498207,15.7399569407,153.942682558,1303.2895847,135,1,0,1000,Cartela
3.59375,40.9375,67.1875,1000,2.71875,89.6875,67.1875,1000,80,3.78125,1812.59921598,592802542.565,4083.8763685,12.5748816235,144.144435729,992.9052763,196.721311475,1,196.721311475,803.278688525,Viga
2.34375,93.4375,44.6875,1000,2.96875,67.1875,44.6875,1000,80,3.03125,2375.77837689,1340030022.48,5973.01952705,10.1205334059,234.748336041,2167.0799135,167.96875,1,167.96875,832.03125,Viga
3.34375,63.4375,74.6875,1000,3.96875,97.1875,74.6875,1000,80,2.03125,3095.62496086,1057202492.35,6541.93060817,17.3519024431,178.402625937,1080.3461388,206.730769231,1,206.730769231,793.269230769,Viga
2.84375,48.4375,59.6875,1000,2.46875,82.1875,59.6875,1000,80,2.53125,1598.1667465,911439765.277,3298.91748853,10.1426522104,157.568919189,1086.5255856,187.5,1,187.5,812.5,Viga
3.84375,78.4375,89.6875,1000,3.46875,52.1875,89.6875,1000,80,3.53125,4919.43993586,986172543.908,10335.0525863,17.4894150863,281.280986904,860.6606082,132.1875,1,0,1000,Cartela
2.21875,82.1875,70.9375,1000,2.34375,85.9375,70.9375,1000,80,3.40625,1857.29329683,1038441729.87,5484.23492862,11.1654125853,166.343454184,1002.1603675,187.5,1,187.5,812.5,Viga
3.21875,52.1875,40.9375,1000,3.34375,55.9375,40.9375,1000,80,2.40625,1756.88436836,408551234.428,4510.08689672,9.32376038699,188.430879328,1080.513267,135.9375,1,0,1000,Cartela
2.71875,67.1875,85.9375,1000,2.84375,40.9375,85.9375,1000,80,2.90625,2373.32257045,862165526.662,5305.63842141,12.0826125039,196.424620063,1321.3279697,120.9375,1,0,1000,Cartela
3.71875,97.1875,55.9375,1000,3.84375,70.9375,55.9375,1000,80,3.90625,4941.98146952,983206974.784,11307.3380455,16.088968615,307.165834417,1107.5061751,150.9375,1,0,1000,Cartela
2.46875,44.6875,48.4375,1000,3.59375,48.4375,48.4375,1000,80,3.15625,1078.86758214,824584251.306,2259.63118329,8.77290223156,122.977271792,818.6008295,158.823529412,1,158.823529412,841.176470588,Viga
3.46875,74.6875,78.4375,1000,2.59375,78.4375,78.4375,1000,80,2.15625,4018.72518934,1175719025.21,8695.67985325,14.3970371488,279.135571285,1351.5350753,201.923076923,1,201.923076923,798.076923077,Viga
2.96875,89.6875,63.4375,1000,3.09375,93.4375,63.4375,1000,80,2.65625,3714.16024994,1242572461.06,8780.61845968,14.4628152361,256.807557126,1505.1616187,216.346153846,1,216.346153846,783.653846154,Viga
3.96875,59.6875,93.4375,1000,2.09375,63.4375,93.4375,1000,80,3.65625,3866.39396326,897864706.366,8255.74212699,14.5529857379,265.677025519,918.0425612,163.461538462,1,163.461538462,836.538461538,Viga
2.015625,79.84375,98.59375,1000,3.046875,62.96875,98.59375,1000,80,2.390625,1536.97533017,763483432.405,5020.18599014,13.285566991,115.687597768,1233.9379398,142.9688,1,0,1000,Cartela
3.015625,49.84375,68.59375,1000,2.046875,92.96875,68.59375,1000,80,3.390625,1919.62918746,973553713.875,3965.00343684,10.7592402474,178.416797406,932.9415214,198.275862069,1,198.275862069,801.724137931,Viga
2.515625,64.84375,83.59375,1000,3.546875,77.96875,83.59375,1000,80,3.890625,1872.63953431,1121967333.09,5131.83086209,14.7499339021,126.959181427,1140.7754713,173.076923077,1,173.076923077,826.923076923,Viga
3.515625,94.84375,53.59375,1000,2.546875,47.96875,53.59375,1000,80,2.890625,2997.2837493,1012999504.93,7464.60621507,11.9451588844,250.920375216,1183.0109386,127.9688,1,0,1000,Cartela
2.265625,42.34375,61.09375,1000,2.796875,70.46875,61.09375,1000,80,2.140625,946.864600312,920334008.264,2139.2881994,9.27324084006,102.107193876,1092.4593044,166.666666667,1,166.666666667,833.333333333,Viga
3.265625,72.34375,91.09375,1000,3.796875,40.46875,91.09375,1000,80,3.140625,3320.63870194,900774808.856,7164.8994073,15.8463906459,209.551738067,830.6557763,120.4688,1,0,1000,Cartela
2.765625,87.34375,46.09375,1000,2.296875,55.46875,46.09375,1000,80,3.640625,0,0,6696.91971822,9.38244892999,0,977.9632761,34.093775,0,0,1000,Cartela
3.765625,57.34375,76.09375,1000,3.296875,85.46875,76.09375,1000,80,2.640625,3228.06092441,857950993.845,6878.02282441,15.7760853371,204.617359467,1219.0068159,195.454545455,1,195.454545455,804.545454545,Viga
2.140625,61.09375,87.34375,1000,2.421875,51.71875,87.34375,1000,80,2.265625,1316.17605793,1118927039.04,3979.30378099,10.2378090839,128.560324493,1574.4840787,138.392857143,1,138.392857143,861.607142857,Viga
3.140625,91.09375,57.34375,1000,3.421875,81.71875,57.34375,1000,80,3.265625,4202.13766873,1287786825.39,9302.51655558,14.4430415944,290.945479957,1655.6090822,200.892857143,1,200.892857143,799.107142857,Viga
2.640625,76.09375,72.34375,1000,2.921875,96.71875,72.34375,1000,80,3.765625,2512.84026631,1103955040.48,6223.74482978,13.8534916032,181.386782356,1204.0632094,191.176470588,1,191.176470588,808.823529412,Viga
3.640625,46.09375,42.34375,1000,3.921875,66.71875,42.34375,1000,80,2.765625,1671.09279549,393332593.981,4329.68968096,11.1140682774,150.358334481,1035.2344981,146.7188,1,0,1000,Cartela
2.390625,98.59375,64.84375,1000,3.671875,89.21875,64.84375,1000,80,2.015625,2185.04232874,769648745.596,7084.03986436,14.6302668839,149.350818142,1981.0355321,169.2188,1,0,1000,Cartela
3.390625,68.59375,94.84375,1000,2.671875,59.21875,94.84375,1000,80,3.015625,3736.00518063,1005977088.94,7962.06427996,14.9832964898,249.34467413,1122.5795762,142.156862745,1,142.156862745,857.843137255,Viga
2.890625,53.59375,49.84375,1000,3.171875,44.21875,49.84375,1000,80,3.515625,1733.47257999,789529784.321,3765.22379466,9.13242821971,189.815078562,972.0403317,158.536585366,1,158.536585366,841.463414634,Viga
3.890625,83.59375,79.84375,1000,2.171875,74.21875,79.84375,1000,80,2.515625,4970.35717284,936632974.879,10566.6100108,14.917873881,333.181337535,884.8522367,74.2188,1,0,1000,Cartela
2.078125,47.96875,70.46875,1000,3.859375,61.09375,70.46875,1000,80,2.953125,926.460518379,1265948872.96,2498.83462827,11.5657637874,80.1037039498,1285.4137456,160.15625,1,160.15625,839.84375,Viga
3.078125,77.96875,40.46875,1000,2.859375,91.09375,40.46875,1000,80,3.953125,3338.39486295,867510026.662,7663.22084522,11.4162665685,292.42439662,2447.9951749,207.03125,1,207.03125,792.96875,Viga
2.578125,92.96875,85.46875,1000,3.359375,76.09375,85.46875,1000,80,3.453125,2533.51860733,774812060.625,8127.60637825,15.6162273727,162.236278127,1104.3989839,156.0938,1,0,1000,Cartela
3.578125,62.96875,55.46875,1000,2.359375,46.09375,55.46875,1000,80,2.453125,2979.63649651,577010252.14,7108.08864654,10.0827985739,295.516812587,1390.6968698,164.383561644,1,164.383561644,835.616438356,Viga
2.328125,70.46875,47.96875,1000,2.109375,83.59375,47.96875,1000,80,2.703125,1752.95820753,1166742776.28,4082.75396652,8.62712391855,203.191495112,1354.7706044,199.21875,1,199.21875,800.78125,Viga
3.328125,40.46875,77.96875,1000,3.109375,53.59375,77.96875,1000,80,3.703125,1632.12068556,757574418.523,3485.10503627,12.4021589974,131.59972275,945.1148311,156.25,1,156.25,843.75,Viga
2.828125,55.46875,62.96875,1000,2.609375,68.59375,62.96875,1000,80,3.203125,1865.34629384,1053557424.05,3981.23428895,10.5236805121,177.252273261,1219.1073381,175.78125,1,175.78125,824.21875,Viga
3.828125,85.46875,92.96875,1000,3.609375,98.59375,92.96875,1000,80,2.203125,5984.24636456,1079213122.91,13267.0094899,21.0030683357,284.922482225,1725.3423294,227.272727273,1,227.272727273,772.727272727,Viga
2.203125,89.21875,81.71875,1000,2.734375,42.34375,81.71875,1000,80,2.828125,1173.16097951,699221534.976,4499.57560169,11.1986785887,104.75887581,1192.113488,122.3438,1,0,1000,Cartela
3.203125,59.21875,51.71875,1000,3.734375,72.34375,51.71875,1000,80,3.828125,2415.05724746,754815082.273,5415.023528,12.4608080616,193.812250018,1231.2431494,188.405797101,1,188.405797101,811.594202899,Viga
2.703125,44.21875,96.71875,1000,2.234375,87.34375,96.71875,1000,80,3.328125,1492.2287958,1023762401.24,3681.57299932,12.505019747,119.330382998,791.575444,190,1,190,810,Viga
3.703125,74.21875,66.71875,1000,3.234375,57.34375,66.71875,1000,80,2.328125,4083.11433916,795913149.723,9029.71675717,13.9896752023,291.866271384,843.0183385,137.3438,1,0,1000,Cartela
2.453125,66.71875,44.21875,1000,3.484375,94.84375,44.21875,1000,80,2.578125,1865.73555073,1173970038.46,4045.54707312,11.5406308008,161.666687285,1544.70756,210.9375,1,210.9375,789.0625,Viga
3.453125,96.71875,74.21875,1000,2.484375,64.84375,74.21875,1000,80,3.578125,4111.59152008,942924058.975,9729.20186786,14.5387001337,282.803241161,966.1008599,144.8438,1,0,1000,Cartela
2.953125,81.71875,59.21875,1000,3.984375,49.84375,59.21875,1000,80,3.078125,2631.39778162,987321620.406,6681.10571391,12.9010146213,203.968281477,1258.2025936,129.8438,1,0,1000,Cartela
3.953125,51.71875,89.21875,1000,2.984375,79.84375,89.21875,1000,80,2.078125,3140.54729003,772489659.837,6719.16816228,16.167257245,194.253560913,1104.6959211,182.692307692,1,182.692307692,817.307692308,Viga
2.046875,63.90625,52.65625,1000,2.890625,88.28125,52.65625,1000,80,3.734375,1252.04049766,1178581463.26,3142.47628329,10.110300244,123.838112365,1529.5541957,194.444444444,1,194.444444444,805.555555556,Viga
3.046875,93.90625,82.65625,1000,3.890625,58.28125,82.65625,1000,80,2.734375,2806.15743301,847347627.701,7302.15238041,16.6262013192,168.779228588,1487.4221515,138.2812,1,0,1000,Cartela
2.546875,78.90625,67.65625,1000,2.390625,43.28125,67.65625,1000,80,2.234375,1732.51402534,897956792.075,4661.05303485,9.8876243893,175.220453076,1701.5118584,123.2812,1,0,1000,Cartela
3.546875,48.90625,97.65625,1000,3.390625,73.28125,97.65625,1000,80,3.234375,2552.73352156,919296627.479,5570.8695364,16.9479453409,150.622005807,1023.6249208,176.470588235,1,176.470588235,823.529411765,Viga
2.296875,86.40625,75.15625,1000,3.140625,50.78125,75.15625,1000,80,3.984375,1457.43822086,656039885.328,5431.98608764,12.0265627139,121.184935009,1198.2174501,130.7812,1,0,1000,Cartela
3.296875,56.40625,45.15625,1000,2.140625,80.78125,45.15625,1000,80,2.984375,2233.32808697,491580586.043,5625.61122397,9.27387588231,240.819277216,1065.8381431,197.183098592,1,197.183098592,802.816901408,Viga
2.796875,41.40625,90.15625,1000,3.640625,95.78125,90.15625,1000,80,2.484375,1453.75859481,981917595.373,3401.92869758,16.0667185757,90.4826077562,845.8569512,196.078431373,1,196.078431373,803.921568627,Viga
3.796875,71.40625,60.15625,1000,2.640625,65.78125,60.15625,1000,80,3.484375,4083.01037008,792134883.719,9202.61879046,12.7532427122,320.154682398,1454.260318,186.507936508,1,186.507936508,813.492063492,Viga
2.171875,75.15625,41.40625,1000,3.515625,77.03125,41.40625,1000,80,3.609375,1670.49904756,1077124250.49,3958.04153204,10.2896473311,162.347551262,1737.6350506,188.405797101,1,188.405797101,811.594202899,Viga
3.171875,45.15625,71.40625,1000,2.515625,47.03125,71.40625,1000,80,2.609375,1720.24443636,805966955.636,3652.50731088,10.2643045522,167.594835832,1008.6519272,152.173913043,1,152.173913043,847.826086957,Viga
2.671875,60.15625,56.40625,1000,3.015625,62.03125,56.40625,1000,80,2.109375,1842.82023788,1135568280.94,3974.33222213,10.1990010682,180.686346198,1162.1819193,173.913043478,1,173.913043478,826.086956522,Viga
3.671875,90.15625,86.40625,1000,2.015625,92.03125,86.40625,1000,80,3.109375,5306.16897587,1133607678,12457.3336318,15.669154928,338.637852535,933.1886387,9.20312,1,0,1000,Cartela
2.421875,52.65625,78.90625,1000,2.265625,69.53125,78.90625,1000,80,3.859375,1379.85014075,1143424720.38,3500.44882556,10.4014163507,132.65983153,1222.5328789,172.413793103,1,172.413793103,827.586206897,Viga
3.421875,82.65625,48.90625,1000,3.265625,99.53125,48.90625,1000,80,2.859375,4386.53560642,966379369.878,9610.77432361,14.2437343191,307.962470246,1560.0913694,215.517241379,1,215.517241379,784.482758621,Viga
2.921875,97.65625,93.90625,1000,2.765625,84.53125,93.90625,1000,80,2.359375,3382.5676337,737262113.774,8674.79492551,16.3425083665,206.979709469,878.8876656,164.5312,1,0,1000,Cartela
3.921875,67.65625,63.90625,1000,3.765625,54.53125,63.90625,1000,80,3.359375,3949.38405987,728556802.322,8927.50829483,14.534038649,271.733422158,1249.566257,179.6875,1,179.6875,820.3125,Viga
2.109375,95.78125,58.28125,1000,2.203125,97.65625,58.28125,1000,80,3.171875,2023.88710464,1144364532.64,6396.72322969,10.5272572311,192.252080501,1756.1731918,197.115384615,1,197.115384615,802.884615385,Viga
3.109375,65.78125,88.28125,1000,3.203125,67.65625,88.28125,1000,80,2.171875,2957.29270398,1137088235.9,6841.17018042,15.0164956686,196.936273897,1234.8086306,163.461538462,1,163.461538462,836.538461538,Viga
2.609375,50.78125,43.28125,1000,2.703125,52.65625,43.28125,1000,80,2.671875,1371.7908628,714837948.072,3040.10870409,7.71867287056,177.723669056,867.3014658,164.705882353,1,164.705882353,835.294117647,Viga
3.609375,80.78125,73.28125,1000,3.703125,82.65625,73.28125,1000,80,3.671875,4673.45217767,1137288195.07,9972.69065432,17.3801322033,268.896238704,1343.0033797,201.923076923,1,201.923076923,798.076923077,Viga
2.359375,58.28125,95.78125,1000,3.953125,45.15625,95.78125,1000,80,3.421875,1581.63971645,1133693905.75,4201.94964925,14.2514796136,110.980737393,1120.0379252,127.272727273,1,127.272727273,872.727272727,Viga
3.359375,88.28125,65.78125,1000,2.953125,75.15625,65.78125,1000,80,2.421875,3894.6953387,812056843.121,8927.59396611,14.294992109,272.451730578,933.2718204,155.1562,1,0,1000,Cartela
2.859375,73.28125,80.78125,1000,3.453125,90.15625,80.78125,1000,80,2.921875,2790.15766053,1157187042.08,6788.46593677,15.9086850154,175.385813336,1147.1993672,190,1,190,810,Viga
3.859375,43.28125,50.78125,1000,2.453125,60.15625,50.78125,1000,80,3.921875,1769.56423518,402470248.369,4381.39089128,9.68934651433,182.62988454,933.2838306,177.215189873,1,177.215189873,822.784810127,Viga
2.234375,47.03125,69.53125,1000,3.328125,78.90625,69.53125,1000,80,3.046875,1061.62037147,1060774353.27,2569.23082978,11.6817159106,90.8788040722,1183.2023317,180.327868852,1,180.327868852,819.672131148,Viga
3.234375,77.03125,99.53125,1000,2.328125,48.90625,99.53125,1000,80,2.046875,3178.58434234,750561110.11,6695.54685057,14.1765122564,224.214834005,888.3945736,128.9062,1,0,1000,Cartela
2.734375,92.03125,54.53125,1000,3.828125,63.90625,54.53125,1000,80,2.546875,2227.56844318,926040567.948,6451.52444575,12.9665433771,171.793544231,1897.7888602,143.9062,1,0,1000,Cartela
3.734375,62.03125,84.53125,1000,2.828125,93.90625,84.53125,1000,80,3.546875,3703.45551581,1026565469.07,7760.96686209,16.2712338558,227.607540315,1132.2166807,200,1,200,800,Viga
2.484375,84.53125,92.03125,1000,2.578125,56.40625,92.03125,1000,80,3.296875,1962.15976575,717114207.759,6085.36865024,12.9276057117,151.780601104,1129.0711335,136.4062,1,0,1000,Cartela
3.484375,54.53125,62.03125,1000,3.578125,86.40625,62.03125,1000,80,2.296875,2555.00292822,775892828.215,5609.51194431,14.173899353,180.261116901,1354.9553023,200.819672131,1,200.819672131,799.180327869,Viga
2.984375,69.53125,77.03125,1000,2.078125,71.40625,77.03125,1000,80,2.796875,2774.92823113,1176403584.64,6432.1728042,11.6267290864,238.668004604,1479.0634035,168.181818182,1,168.181818182,831.818181818,Viga
3.984375,99.53125,47.03125,1000,3.078125,41.40625,47.03125,1000,80,3.796875,3611.43991351,1033119958.91,8773.63453925,12.9954203854,277.900968681,1114.168167,121.4062,1,0,1000,Cartela
2.0078125,99.765625,73.046875,1000,2.6171875,74.453125,73.046875,1000,80,2.6953125,1327.69733524,668179673.828,5864.23255772,11.4768618043,115.684701784,1241.0917135,154.4531,1,0,1000,Cartela
3.0078125,69.765625,43.046875,1000,3.6171875,44.453125,43.046875,1000,80,3.6953125,2610.58510851,741992720.964,6064.33879368,9.92842614071,262.940477324,1002.5898094,162.5,1,162.5,837.5,Viga
2.5078125,54.765625,88.046875,1000,2.1171875,59.453125,88.046875,1000,80,3.1953125,1640.51267435,1212555825.08,4244.16488044,10.5979511598,154.795266519,1231.6516612,142.857142857,1,142.857142857,857.142857143,Viga
3.5078125,84.765625,58.046875,1000,3.1171875,89.453125,58.046875,1000,80,2.1953125,4748.12206544,1148911838.55,9990.36934575,14.6156795605,324.864953819,1900.9555204,209.821428571,1,209.821428571,790.178571429,Viga
2.2578125,62.265625,50.546875,1000,3.3671875,66.953125,50.546875,1000,80,2.9453125,1426.01810945,983814253.144,3282.92721625,9.97467024999,142.963935018,1022.8896063,171.428571429,1,171.428571429,828.571428571,Viga
3.2578125,92.265625,80.546875,1000,2.3671875,96.953125,80.546875,1000,80,3.9453125,4695.65710184,1198946521.02,11346.1561442,15.4069465611,304.775322171,1396.0503044,201.086956522,1,201.086956522,798.913043478,Viga
2.7578125,77.265625,65.546875,1000,3.8671875,81.953125,65.546875,1000,80,3.4453125,2678.18910924,1141873018.09,6421.16087095,14.8041372997,180.908151216,1146.2793385,191.964285714,1,191.964285714,808.035714286,Viga
3.7578125,47.265625,95.546875,1000,2.8671875,51.953125,95.546875,1000,80,2.4453125,2579.54523048,794443941.151,5461.77014797,14.6941119997,175.549582753,902.4020268,151.785714286,1,151.785714286,848.214285714,Viga
2.1328125,43.515625,84.296875,1000,3.9921875,85.703125,84.296875,1000,80,2.5703125,940.003560216,1052128514.36,2591.9705705,14.6132629218,64.3253710854,890.4500338,185.185185185,1,185.185185185,814.814814815,Viga
3.1328125,73.515625,54.296875,1000,2.9921875,55.703125,54.296875,1000,80,3.5703125,3095.8261168,1249977849.63,6521.40918506,11.21621707,276.013391812,1272.7727434,176.470588235,1,176.470588235,823.529411765,Viga
2.6328125,88.515625,99.296875,1000,3.4921875,40.703125,99.296875,1000,80,3.0703125,1756.45722877,732797490.927,5515.73257269,15.2635029503,115.075630704,1058.9041757,120.7031,1,0,1000,Cartela
3.6328125,58.515625,69.296875,1000,2.4921875,70.703125,69.296875,1000,80,2.0703125,3011.43940621,836069268.823,6407.25016739,12.3896431251,243.061028942,1326.6643057,183.333333333,1,183.333333333,816.666666667,Viga
2.3828125,81.015625,46.796875,1000,2.2421875,48.203125,46.796875,1000,80,2.8203125,0,0,4985.47655636,8.04846654565,0,463.2671809,48.2031,0,0,1000,Cartela
3.3828125,51.015625,76.796875,1000,3.2421875,78.203125,76.796875,1000,80,3.8203125,2373.49803881,909870685.381,5014.59597104,14.4411139909,164.356990763,1046.7094487,184.210526316,1,184.210526316,815.789473684,Viga
2.8828125,66.015625,61.796875,1000,2.7421875,93.203125,61.796875,1000,80,3.3203125,2444.90193311,1155686944.85,5311.31573349,12.3099055224,198.612566819,1137.1698364,197.368421053,1,197.368421053,802.631578947,Viga
3.8828125,96.015625,91.796875,1000,3.7421875,63.203125,91.796875,1000,80,2.3203125,4492.70047583,824042798.598,9517.62112231,19.9483075024,225.217125577,757.9312528,143.2031,1,0,1000,Cartela
2.0703125,67.890625,97.421875,1000,2.3046875,80.078125,97.421875,1000,80,2.1328125,1388.85650127,912128364.214,5048.89159559,11.7862098463,117.837415029,1194.3515785,212.765957447,1,212.765957447,787.234042553,Viga
3.0703125,97.890625,67.421875,1000,3.3046875,50.078125,67.421875,1000,80,3.1328125,2478.19072103,954527830.99,7010.04050757,13.7710819851,179.956137341,1413.8940594,130.0781,1,0,1000,Cartela
2.5703125,82.890625,82.421875,1000,2.8046875,65.078125,82.421875,1000,80,3.6328125,2670.50627242,1125120175.23,6972.58529279,13.1599479036,202.926811868,1564.4380225,153.846153846,1,153.846153846,846.153846154,Viga
3.5703125,52.890625,52.421875,1000,3.8046875,95.078125,52.421875,1000,80,2.6328125,2398.43434815,557232517.371,5826.49138751,14.1139427583,169.933688213,1362.9352189,210.9375,1,210.9375,789.0625,Viga
2.3203125,90.390625,59.921875,1000,3.5546875,57.578125,59.921875,1000,80,2.3828125,1490.15139838,830602595.878,5224.28313109,11.713925423,127.211958807,1859.3487847,137.5781,1,0,1000,Cartela
3.3203125,60.390625,89.921875,1000,2.5546875,87.578125,89.921875,1000,80,3.3828125,2989.13640838,1145522237.64,6672.02608999,14.8439181883,201.371118492,821.3520053,188.775510204,1,188.775510204,811.224489796,Viga
2.8203125,45.390625,44.921875,1000,3.0546875,72.578125,44.921875,1000,80,3.8828125,1329.0159797,571311509.457,3143.37561032,9.44130217328,140.766173491,872.4177098,188.311688312,1,188.311688312,811.688311688,Viga
3.8203125,75.390625,74.921875,1000,2.0546875,42.578125,74.921875,1000,80,2.8828125,4025.0230145,886326983.663,9050.35218133,12.5517737298,320.673643515,845.4137706,122.5781,1,0,1000,Cartela
2.1953125,71.640625,86.171875,1000,3.1796875,98.828125,86.171875,1000,80,2.0078125,1687.96571619,875698728.343,5490.88687832,14.4603724701,116.7304452,1242.4257152,202.127659574,1,202.127659574,797.872340426,Viga
3.1953125,41.640625,56.171875,1000,2.1796875,68.828125,56.171875,1000,80,3.0078125,1460.04795679,554406520.67,3315.87527431,9.015931383,161.940890494,827.1911941,187.5,1,187.5,812.5,Viga
2.6953125,56.640625,71.171875,1000,3.6796875,53.828125,71.171875,1000,80,3.5078125,1769.00229739,1184563302.84,4078.07726362,12.3746386356,142.953855016,1284.6685095,152.34375,1,152.34375,847.65625,Viga
3.6953125,86.640625,41.171875,1000,2.6796875,83.828125,41.171875,1000,80,2.5078125,4735.12662777,602979839.546,12319.0439208,12.2375483021,386.934254384,2154.0173669,163.8281,1,0,1000,Cartela
2.4453125,49.140625,63.671875,1000,2.9296875,46.328125,63.671875,1000,80,2.2578125,1247.11026492,1001028686.73,2820.61997777,9.17444104053,135.933105833,800.2841848,145.833333333,1,145.833333333,854.166666667,Viga
3.4453125,79.140625,93.671875,1000,3.9296875,76.328125,93.671875,1000,80,3.2578125,4510.58237721,1135920643.34,9940.55897192,19.4130860858,232.347518436,1034.8914327,154.255319149,1,0,1000,Cartela
2.9453125,94.140625,48.671875,1000,2.4296875,91.328125,48.671875,1000,80,3.7578125,3956.88548841,1169814200.14,8837.39949851,11.8377763367,334.259186513,2036.8030292,210.526315789,1,210.526315789,789.473684211,Viga
3.9453125,64.140625,78.671875,1000,3.4296875,61.328125,78.671875,1000,80,2.7578125,3948.28449918,854817626.432,8329.47420981,15.8575940273,248.983830232,968.7437371,179.824561404,1,179.824561404,820.175438596,Viga
2.0390625,51.953125,55.234375,1000,3.4609375,54.765625,55.234375,1000,80,3.4140625,959.032737872,939885745.621,2328.25651945,9.24080164735,103.782417854,893.465237,148.648648649,1,148.648648649,851.351351351,Viga
3.0390625,81.953125,85.234375,1000,2.4609375,84.765625,85.234375,1000,80,2.4140625,3987.40204584,764587716.048,9077.90595587,14.3691600819,277.497224828,929.6524163,164.7656,1,0,1000,Cartela
2.5390625,96.953125,40.234375,1000,3.9609375,99.765625,40.234375,1000,80,2.9140625,3070.03622169,1233201916.8,7275.83469962,13.730354641,223.594823438,1856.6176132,206.896551724,1,206.896551724,793.103448276,Viga
3.5390625,66.953125,70.234375,1000,2.9609375,69.765625,70.234375,1000,80,3.9140625,3474.46300713,1035726309.8,7151.63946075,13.9029470855,249.90838171,1209.523598,181.034482759,1,181.034482759,818.965517241,Viga
2.2890625,74.453125,92.734375,1000,2.7109375,92.265625,92.734375,1000,80,3.1640625,1875.74928292,968448991.757,5726.47553944,13.9066047708,134.881900639,1028.7925334,190.217391304,1,190.217391304,809.782608696,Viga
3.2890625,44.453125,62.734375,1000,3.7109375,62.265625,62.734375,1000,80,2.1640625,1721.48083452,644692532.451,3786.81430061,12.2748888663,140.244107565,824.4149137,173.913043478,1,173.913043478,826.086956522,Viga
2.7890625,59.453125,77.734375,1000,2.2109375,47.265625,77.734375,1000,80,2.6640625,2061.07434741,1118305143.14,4725.26163476,10.2661964927,200.763189062,1317.8071674,137.096774194,1,137.096774194,862.903225806,Viga
3.7890625,89.453125,47.734375,1000,3.2109375,77.265625,47.734375,1000,80,3.6640625,5436.44329405,676962751.885,13718.7736521,14.0273927064,387.559071586,2578.6716391,77.2656,1,0,1000,Cartela
2.1640625,85.703125,66.484375,1000,2.0859375,66.015625,66.484375,1000,80,3.2890625,1821.08197745,982920971.444,5403.01065751,9.58574935759,189.9780507,1588.6877235,149.122807018,1,149.122807018,850.877192982,Viga
3.1640625,55.703125,96.484375,1000,3.0859375,96.015625,96.484375,1000,80,2.2890625,2587.4819262,1099436727.37,5908.52025007,16.5842646604,156.02029871,1074.0662235,196.808510638,1,196.808510638,803.191489362,Viga
2.6640625,40.703125,51.484375,1000,2.5859375,81.015625,51.484375,1000,80,2.7890625,1116.20931794,707741935.134,2411.95072103,9.07001467828,123.065877789,1083.0382078,187.5,1,187.5,812.5,Viga
3.6640625,70.703125,81.484375,1000,3.5859375,51.015625,81.484375,1000,80,3.7890625,4186.40289688,891313682.518,9253.35705406,15.8536112287,264.066201479,980.8051555,135.964912281,1,135.964912281,864.035087719,Viga
2.4140625,63.203125,88.984375,1000,3.8359375,73.515625,88.984375,1000,80,3.0390625,1666.97571543,1078685688.36,4861.15222083,15.3022981239,108.936298452,965.8346225,181.37254902,1,181.37254902,818.62745098,Viga
3.4140625,93.203125,58.984375,1000,2.8359375,43.515625,58.984375,1000,80,2.0390625,2562.63847483,915375298.282,6009.82453896,12.3118644053,208.143818878,1218.5782869,123.5156,1,0,1000,Cartela
2.9140625,78.203125,73.984375,1000,3.3359375,58.515625,73.984375,1000,80,2.5390625,2882.83133316,899178503.199,6831.21893837,13.5806203188,212.275379585,959.9278257,138.5156,1,0,1000,Cartela
3.9140625,48.203125,43.984375,1000,2.3359375,88.515625,43.984375,1000,80,3.5390625,2032.13800536,407023504.447,5333.24325916,10.1879733724,199.464400924,1335.8359942,173.377305155,1,173.377305155,826.622694845,Viga
2.1015625,83.828125,53.359375,1000,3.6484375,41.640625,53.359375,1000,80,3.9765625,1039.68838984,735290529.201,4088.84198698,9.79969667606,106.093935783,791.2599805,121.6406,1,0,1000,Cartela
3.1015625,53.828125,83.359375,1000,2.6484375,71.640625,83.359375,1000,80,2.9765625,2227.64264203,1043756657.98,4920.35988353,12.9728502753,171.715744401,1140.2287229,172.727272727,1,172.727272727,827.272727273,Viga
2.6015625,68.828125,68.359375,1000,3.1484375,86.640625,68.359375,1000,80,2.4765625,2145.9020293,1127970195.71,5302.22283768,13.0160790531,164.86547297,1426.3742768,195.454545455,1,195.454545455,804.545454545,Viga
3.6015625,98.828125,98.359375,1000,2.1484375,56.640625,98.359375,1000,80,3.4765625,4364.47766688,785892104.401,9703.70814325,16.3042505893,267.68956003,872.5047155,136.6406,1,0,1000,Cartela
2.3515625,46.328125,75.859375,1000,2.3984375,94.140625,75.859375,1000,80,3.7265625,1208.06807771,1119599379.62,2986.64345881,10.9965366671,109.858959623,1224.9919792,190.909090909,1,190.909090909,809.090909091,Viga
3.3515625,76.328125,45.859375,1000,3.3984375,64.140625,45.859375,1000,80,2.7265625,3585.29992979,693056995.346,8619.34919852,11.8312279626,303.037008595,1423.5122982,181.15942029,1,181.15942029,818.84057971,Viga
2.8515625,91.328125,90.859375,1000,2.8984375,49.140625,90.859375,1000,80,2.2265625,2321.56599529,759220827.604,5840.40442352,14.2996627947,162.351100765,1197.6644644,129.1406,1,0,1000,Cartela
3.8515625,61.328125,60.859375,1000,3.8984375,79.140625,60.859375,1000,80,3.2265625,3394.7655626,705583448.31,7851.18476969,15.350865119,221.144902016,1658.1449513,197.580645161,1,197.580645161,802.419354839,Viga
2.2265625,57.578125,42.109375,1000,2.7734375,60.390625,42.109375,1000,80,3.8515625,1271.20930045,1016466715.6,2732.36677081,7.8882858315,161.151526149,944.7971685,175,1,175,825,Viga
3.2265625,87.578125,72.109375,1000,3.7734375,90.390625,72.109375,1000,80,2.8515625,4244.25184052,1204516338.84,9821.17958579,17.2681685367,245.784712578,1233.5477055,210,1,210,790,Viga
2.7265625,72.578125,57.109375,1000,2.2734375,75.390625,57.109375,1000,80,2.3515625,2396.70375457,1230493644.9,5404.11119114,10.1225473003,236.768837277,1257.8314839,189.516129032,1,189.516129032,810.483870968,Viga
3.7265625,42.578125,87.109375,1000,3.2734375,45.390625,87.109375,1000,80,3.3515625,2096.06881176,700984853.916,4492.21767203,14.0523507048,149.161436104,887.7461892,153.225806452,1,153.225806452,846.774193548,Viga
2.4765625,95.078125,79.609375,1000,3.0234375,82.890625,79.609375,1000,80,3.6015625,2382.32502478,741855966.242,8067.9197849,14.4617267679,164.733096055,1080.4368162,162.8906,1,0,1000,Cartela
3.4765625,65.078125,49.609375,1000,2.0234375,52.890625,49.609375,1000,80,2.6015625,2934.2438388,534398967.638,7216.72795037,9.2533499034,317.100711573,1164.325586,168.918918919,1,168.918918919,831.081081081,Viga
2.9765625,50.078125,94.609375,1000,3.5234375,67.890625,94.609375,1000,80,2.1015625,1958.32457769,1070334101.57,4695.82391672,15.3648525497,127.454824013,1224.7636602,169.811320755,1,169.811320755,830.188679245,Viga
3.9765625,80.078125,64.609375,1000,2.5234375,97.890625,64.609375,1000,80,3.1015625,5434.59148009,1000719351.65,11782.8607011,15.1083620598,359.707522139,1218.9294938,216.981132075,1,216.981132075,783.018867925,Viga
2.0234375,59.921875,67.890625,1000,3.5703125,96.484375,67.890625,1000,80,2.8359375,1169.59109089,1001972827.92,3315.46207082,13.0587508658,89.5637800973,1191.6467385,200,1,200,800,Viga
3.0234375,89.921875,97.890625,1000,2.5703125,66.484375,97.890625,1000,80,3.8359375,3344.49773384,813274651.259,8795.08958958,15.57984604,214.668214645,845.5993559,146.4844,1,0,1000,Cartela
2.5234375,74.921875,52.890625,1000,3.0703125,51.484375,52.890625,1000,80,3.3359375,2152.88729853,1104182752.56,4989.9072685,9.92321250958,216.95467032,1167.5913735,173.913043478,1,173.913043478,826.086956522,Viga
3.5234375,44.921875,82.890625,1000,2.0703125,81.484375,82.890625,1000,80,2.3359375,2162.93242896,779719359.058,4633.83872726,12.1779728703,177.61021904,779.498958,181.818181818,1,181.818181818,818.181818182,Viga
2.2734375,97.421875,90.390625,1000,2.3203125,43.984375,90.390625,1000,80,2.5859375,1258.11889757,665944101.384,4610.28987647,11.6047529894,108.414104007,1113.4892729,123.9844,1,0,1000,Cartela
3.2734375,67.421875,60.390625,1000,3.3203125,73.984375,60.390625,1000,80,3.5859375,3036.65852564,1049157607.51,6300.18382896,13.2632458887,228.952893667,1071.2481506,189.516129032,1,189.516129032,810.483870968,Viga
2.7734375,52.421875,75.390625,1000,2.8203125,88.984375,75.390625,1000,80,3.0859375,1799.88249,1104239594.05,4061.50991886,12.7139502849,141.567526195,1143.6658281,190.909090909,1,190.909090909,809.090909091,Viga
3.7734375,82.421875,45.390625,1000,3.8203125,58.984375,45.390625,1000,80,2.0859375,3639.83719387,823720578.891,7876.20003854,13.1157144461,277.517264411,960.1536208,138.9844,1,0,1000,Cartela
2.1484375,78.671875,56.640625,1000,2.9453125,77.734375,56.640625,1000,80,2.9609375,1660.9486632,970022343.342,4647.72999023,10.6581186794,155.838822324,1634.1697166,179.166666667,1,179.166666667,820.833333333,Viga
3.1484375,48.671875,86.640625,1000,3.9453125,47.734375,86.640625,1000,80,3.9609375,1990.71927026,946862493.782,4416.2028253,14.7156054277,135.279467775,1140.6534237,150,1,150,850,Viga
2.6484375,63.671875,41.640625,1000,2.4453125,62.734375,41.640625,1000,80,3.4609375,1944.83061707,881148578.614,4205.10564777,8.27983427734,234.887625999,1354.3209837,181.818181818,1,181.818181818,818.181818182,Viga
3.6484375,93.671875,71.640625,1000,3.4453125,92.734375,71.640625,1000,80,2.4609375,5261.82782441,782796370.783,12097.0094262,17.8498546498,294.782670652,836.4885951,172.7344,1,0,1000,Cartela
2.3984375,41.171875,94.140625,1000,3.1953125,55.234375,94.140625,1000,80,2.7109375,1067.93226227,1021816993.25,2920.6727002,12.4503889688,85.7750119253,1011.2235533,153.50877193,1,153.50877193,846.49122807,Viga
3.3984375,71.171875,64.140625,1000,2.1953125,85.234375,64.140625,1000,80,3.7109375,3547.04053829,1068754157.58,7366.2043365,12.2518293481,289.511095649,1158.8640781,197.368421053,1,197.368421053,802.631578947,Viga
2.8984375,86.171875,79.140625,1000,3.6953125,70.234375,79.140625,1000,80,3.2109375,3125.53827795,936231280.751,8424.91255867,15.8831391644,196.783409476,1501.858917,150.2344,1,0,1000,Cartela
3.8984375,56.171875,49.140625,1000,2.6953125,40.234375,49.140625,1000,80,2.2109375,2526.56895193,517892053.372,6380.74382677,9.72990425959,259.670484367,1110.5976279,120.2344,1,0,1000,Cartela
2.0859375,91.796875,43.515625,1000,3.2578125,87.109375,43.515625,1000,80,2.2734375,1870.27519992,1134579208.14,5139.70431159,10.8446353151,172.460866187,1508.0407435,188.524590164,1,188.524590164,811.475409836,Viga
3.0859375,61.796875,73.515625,1000,2.2578125,57.109375,73.515625,1000,80,3.2734375,2517.23263429,1128022053.13,5459.88492845,11.1051274869,226.673006434,1201.005007,159.836065574,1,159.836065574,840.163934426,Viga
2.5859375,46.796875,58.515625,1000,3.7578125,42.109375,58.515625,1000,80,3.7734375,1265.56230459,896671670.714,2656.40018949,9.94446964774,127.26292597,749.292345,147.435897436,1,147.435897436,852.564102564,Viga
3.5859375,76.796875,88.515625,1000,2.7578125,72.109375,88.515625,1000,80,2.7734375,4631.08062173,1143649659.97,10173.6059771,15.9763087543,289.87175279,1456.9823572,205,1,205,795,Viga
2.3359375,69.296875,81.015625,1000,2.5078125,49.609375,81.015625,1000,80,2.0234375,1754.64901697,768694918.228,4332.93499313,10.5339676568,166.570571899,987.2195351,129.6094,1,0,1000,Cartela
3.3359375,99.296875,51.015625,1000,3.5078125,79.609375,51.015625,1000,80,3.0234375,0,0,10037.3314698,14.619339302,0,526.8250826,79.6094,0,0,1000,Cartela
2.8359375,84.296875,96.015625,1000,2.0078125,94.609375,96.015625,1000,80,3.5234375,3333.81674118,1079607279.09,9319.24008509,14.1354951506,235.847185094,1402.5217754,181.818181818,1,181.818181818,818.181818182,Viga
3.8359375,54.296875,66.015625,1000,3.0078125,64.609375,66.015625,1000,80,2.5234375,2837.79029817,653899858.762,6415.55019973,12.9427172553,219.257690808,1535.1795358,183.59375,1,183.59375,816.40625,Viga
2.2109375,50.546875,54.765625,1000,2.1328125,75.859375,54.765625,1000,80,2.3984375,1074.64506048,1135952093.45,2424.43681908,7.97032047534,134.830846991,1276.1695504,176.470588235,1,176.470588235,823.529411765,Viga
3.2109375,80.546875,84.765625,1000,3.1328125,45.859375,84.765625,1000,80,3.3984375,3103.08703641,891781690.653,7216.37397626,14.5530476589,213.225924159,972.2888449,125.8594,1,0,1000,Cartela
2.7109375,95.546875,69.765625,1000,2.6328125,60.859375,69.765625,1000,80,3.8984375,2210.56365803,755154073.389,7359.2553879,12.4242576727,177.92319801,1158.674231,140.8594,1,0,1000,Cartela
3.7109375,65.546875,99.765625,1000,3.6328125,90.859375,99.765625,1000,80,2.8984375,4042.10387269,1163626160.71,8927.32505607,20.0592133534,201.508593656,975.4966033,194.444444444,1,194.444444444,805.555555556,Viga
2.4609375,73.046875,77.265625,1000,3.8828125,68.359375,77.265625,1000,80,2.1484375,2034.54185018,1147588897.51,5614.14353867,14.2765997513,142.508852642,1441.8546242,186.363636364,1,186.363636364,813.636363636,Viga
3.4609375,43.046875,47.265625,1000,2.8828125,98.359375,47.265625,1000,80,3.1484375,1611.67297134,443203216.862,4017.40301861,11.1514973306,144.525252848,1062.7020504,213.235294118,1,213.235294118,786.764705882,Viga
2.9609375,58.046875,92.265625,1000,3.3828125,83.359375,92.265625,1000,80,3.6484375,2340.58278034,1046149266.54,5737.6354495,16.1625390722,144.815289843,1095.8799906,190,1,190,810,Viga
3.9609375,88.046875,62.265625,1000,2.3828125,53.359375,62.265625,1000,80,2.6484375,4091.76654433,933581056.379,8944.65603553,13.2814836568,308.080531517,1101.6763799,133.3594,1,0,1000,Cartela
2.0546875,75.859375,83.828125,1000,2.4765625,61.796875,83.828125,1000,80,3.0546875,1508.62670257,1025110958.72,4906.6198022,10.8693397144,138.796536148,1504.9508853,150.943396226,1,150.943396226,849.056603774,Viga
3.0546875,45.859375,53.828125,1000,3.4765625,91.796875,53.828125,1000,80,2.0546875,1617.81327723,688498741.086,3607.91555621,12.2584180174,131.975698245,1276.31032,200.757575758,1,200.757575758,799.242424242,Viga
2.5546875,60.859375,98.828125,1000,2.9765625,76.796875,98.828125,1000,80,2.5546875,1870.3669116,1100014904.37,5438.75648573,14.4817270938,129.153580888,1375.63418,171.875,1,171.875,828.125,Viga
3.5546875,90.859375,68.828125,1000,3.9765625,46.796875,68.828125,1000,80,3.5546875,3453.00876,1037085957.71,8227.46140877,15.6333116632,220.875066933,951.2965903,126.7969,1,0,1000,Cartela
2.3046875,53.359375,46.328125,1000,3.7265625,84.296875,46.328125,1000,80,3.3046875,1257.03184447,1099819459.64,2688.78925423,10.9487755289,114.810267244,873.0447711,192.857142857,1,192.857142857,807.142857143,Viga
3.3046875,83.359375,76.328125,1000,2.7265625,54.296875,76.328125,1000,80,2.3046875,3288.62929707,827882190.966,7140.39758174,13.5726002312,242.299135099,903.0006096,134.2969,1,0,1000,Cartela
2.8046875,98.359375,61.328125,1000,3.2265625,69.296875,61.328125,1000,80,2.8046875,2453.04731601,883242325.798,7581.69417313,13.3685625259,183.493723521,1514.2964814,149.2969,1,0,1000,Cartela
3.8046875,68.359375,91.328125,1000,2.2265625,99.296875,91.328125,1000,80,3.8046875,4416.44612383,1181399627.53,9154.29522061,16.0920749864,274.448517519,884.9605996,201.086956522,1,201.086956522,798.913043478,Viga
2.1796875,64.609375,72.578125,1000,3.1015625,43.046875,72.578125,1000,80,3.1796875,1378.35639321,1151756161.78,3842.5003026,10.2385634519,134.624002644,1140.8731119,132.8125,1,132.8125,867.1875,Viga
3.1796875,94.609375,42.578125,1000,2.1015625,73.046875,42.578125,1000,80,2.1796875,0,0,7503.82498804,10.3994160608,0,710.5709613,73.0469,0,0,1000,Cartela
2.6796875,79.609375,87.578125,1000,3.6015625,88.046875,87.578125,1000,80,2.6796875,2693.90114048,970202529.244,7386.07052948,16.6748040771,161.555189975,1357.6975755,180.85106383,1,180.85106383,819.14893617,Viga
3.6796875,49.609375,57.578125,1000,2.6015625,58.046875,57.578125,1000,80,3.6796875,2214.96608651,528227333.427,5210.20761843,10.6504253148,207.969730883,1107.9335993,180.555555556,1,180.555555556,819.444444444,Viga
2.4296875,87.109375,50.078125,1000,2.8515625,95.546875,50.078125,1000,80,3.4296875,2468.24514807,1154080207.51,6141.36671575,11.6369881826,212.103433408,2025.9746538,219.298245614,1,219.298245614,780.701754386,Viga
3.4296875,57.109375,80.078125,1000,3.8515625,65.546875,80.078125,1000,80,2.4296875,2780.47780111,960650263.23,5803.8230278,15.6526995249,177.635672152,1081.0075495,162.280701754,1,162.280701754,837.719298246,Viga
2.9296875,42.109375,65.078125,1000,2.3515625,50.546875,65.078125,1000,80,2.9296875,1371.47656283,765092050.804,2901.99227787,9.07248047968,151.168863455,770.6332528,152.777777778,1,152.777777778,847.222222222,Viga
3.9296875,72.109375,95.078125,1000,3.3515625,80.546875,95.078125,1000,80,3.9296875,4986.738375,1099035910.97,10439.1942726,19.247895326,259.079670298,978.5013654,175.531914894,1,175.531914894,824.468085106,Viga
2.1171875,43.984375,85.703125,1000,2.6640625,63.671875,85.703125,1000,80,3.6171875,909.390979925,1152532318.59,2573.11013679,10.6520727062,85.3722092413,1056.7641531,163.793103448,1,163.793103448,836.206896552,Viga
3.1171875,73.984375,55.703125,1000,3.6640625,93.671875,55.703125,1000,80,2.6171875,3232.28254515,1168027799.11,6786.21308614,14.4742010445,223.313365291,1321.8899619,211.206896552,1,211.206896552,788.793103448,Viga
2.6171875,88.984375,70.703125,1000,2.1640625,78.671875,70.703125,1000,80,2.1171875,2549.0206482,767299746.838,7000.91457111,11.5139618398,221.385191619,1150.3354023,158.6719,1,0,1000,Cartela
3.6171875,58.984375,40.703125,1000,3.1640625,48.671875,40.703125,1000,80,3.1171875,2342.60128706,426610922.864,6106.21610944,9.6451721175,242.878121667,800.8674,132.325046486,1,132.325046486,867.674953514,Viga
2.3671875,81.484375,63.203125,1000,3.4140625,71.171875,63.203125,1000,80,3.8671875,2045.11614838,1124430400.49,5460.51865289,12.4494088293,164.274157626,1276.7308612,168.103448276,1,168.103448276,831.896551724,Viga
3.3671875,51.484375,93.203125,1000,2.4140625,41.171875,93.203125,1000,80,2.8671875,2518.96065144,914904599.595,5396.49021471,12.5842811316,200.167226486,846.0965726,129.310344828,1,129.310344828,870.689655172,Viga
2.8671875,66.484375,48.203125,1000,3.9140625,56.171875,48.203125,1000,80,2.3671875,2330.05696905,1046680712.27,4904.99772463,11.0577302665,210.717472112,1192.3104401,168.918918919,1,168.918918919,831.081081081,Viga
3.8671875,96.484375,78.203125,1000,2.9140625,86.171875,78.203125,1000,80,3.3671875,5952.62783909,859817731.733,13083.3824277,17.7933318164,334.542619703,807.0805029,166.1719,1,0,1000,Cartela
2.2421875,92.734375,96.953125,1000,3.7890625,52.421875,96.953125,1000,80,3.7421875,1404.5267571,662348590.793,5537.76720467,15.4651871101,90.8186074375,960.6406484,132.4219,1,0,1000,Cartela
3.2421875,62.734375,66.953125,1000,2.7890625,82.421875,66.953125,1000,80,2.7421875,2795.65493335,1073954675.56,5784.07193195,12.8688771167,217.241559461,1135.1236847,193.965517241,1,193.965517241,806.034482759,Viga
2.7421875,47.734375,81.953125,1000,3.2890625,97.421875,81.953125,1000,80,2.2421875,1650.43287638,1022457668.67,3848.46037503,14.546136379,113.461941603,1174.2800235,197.115384615,1,197.115384615,802.884615385,Viga
3.7421875,77.734375,51.953125,1000,2.2890625,67.421875,51.953125,1000,80,3.2421875,4337.49671191,616514345.039,10686.8627997,11.6178959626,373.346148551,1556.7405637,188.461538462,1,188.461538462,811.538461538,Viga
2.4921875,55.234375,59.453125,1000,2.0390625,89.921875,59.453125,1000,80,3.9921875,1522.1542709,1153802329.99,3335.08277928,9.35528897698,162.705211421,1029.756606,192.62295082,1,192.62295082,807.37704918,Viga
3.4921875,85.234375,89.453125,1000,3.0390625,59.921875,89.453125,1000,80,2.9921875,4143.43462706,853253245.94,8972.00458712,16.4200386652,252.340126083,767.9250679,139.9219,1,0,1000,Cartela
2.9921875,70.234375,44.453125,1000,2.5390625,44.921875,44.453125,1000,80,2.4921875,2641.63502712,687553719.373,6191.93181247,8.69060098706,303.964597046,1740.3438024,164.556962025,1,164.556962025,835.443037975,Viga
3.9921875,40.234375,74.453125,1000,3.5390625,74.921875,74.453125,1000,80,3.4921875,2035.74620606,562482718.61,4547.43863664,15.0008141769,135.709047659,894.323749,184.426229508,1,184.426229508,815.573770492,Viga
2.00390625,70.1171875,60.7421875,1000,3.81640625,91.4453125,60.7421875,1000,80,3.25390625,1360.9208474,1016822779.03,3842.68978876,12.9912739241,104.756535452,1484.8907551,188.596491228,1,188.596491228,811.403508772,Viga
3.00390625,40.1171875,90.7421875,1000,2.81640625,61.4453125,90.7421875,1000,80,2.25390625,1484.35992394,865735274.635,3413.80078092,12.6633134436,117.217340513,1165.1073926,162.280701754,1,162.280701754,837.719298246,Viga
2.50390625,55.1171875,45.7421875,1000,3.31640625,46.4453125,45.7421875,1000,80,2.75390625,1436.48532391,989089726.001,3015.98072359,8.47289461432,169.538910761,981.5607386,162.65060241,1,162.65060241,837.34939759,Viga
3.50390625,85.1171875,75.7421875,1000,2.31640625,76.4453125,75.7421875,1000,80,3.75390625,4962.2476632,1080873417.17,10676.9742447,14.2708739857,347.718553759,1345.9476551,168.269230769,1,168.269230769,831.730769231,Viga
2.25390625,47.6171875,98.2421875,1000,2.06640625,53.9453125,98.2421875,1000,80,3.00390625,1145.98392704,1052134673.7,3383.95107335,10.2181724797,112.15155443,1192.3765117,152.777777778,1,152.777777778,847.222222222,Viga
3.25390625,77.6171875,68.2421875,1000,3.06640625,83.9453125,68.2421875,1000,80,2.00390625,3692.60893328,1227416303.94,8040.14455509,14.3725110283,256.921628101,1415.4342103,199.074074074,1,199.074074074,800.925925926,Viga
2.75390625,92.6171875,83.2421875,1000,2.56640625,98.9453125,83.2421875,1000,80,2.50390625,3391.9021701,1073227137.98,9467.71416427,14.8102421081,229.024086529,1370.1530685,250,1,250,750,Viga
3.75390625,62.6171875,53.2421875,1000,3.56640625,68.9453125,53.2421875,1000,80,3.50390625,3183.69697144,583418078.408,7775.64902041,13.1697534169,241.743096522,1207.3915506,187.5,1,187.5,812.5,Viga
2.12890625,66.3671875,64.4921875,1000,2.69140625,72.6953125,64.4921875,1000,80,3.37890625,1375.37037866,1107515653.55,3807.22258502,10.1641925497,135.315262077,1421.4180706,166.666666667,1,166.666666667,833.333333333,Viga
3.12890625,96.3671875,94.4921875,1000,3.69140625,42.6953125,94.4921875,1000,80,2.37890625,2325.52743365,783787676.816,6584.68788165,16.9103035291,137.521330096,1183.4090346,122.6953,1,0,1000,Cartela
2.62890625,81.3671875,49.4921875,1000,2.19140625,57.6953125,49.4921875,1000,80,2.87890625,2610.8237442,1189927277.77,5872.15053395,8.99221906693,290.342542232,1948.6361251,172.794117647,1,172.794117647,827.205882353,Viga
3.62890625,51.3671875,79.4921875,1000,3.19140625,87.6953125,79.4921875,1000,80,3.87890625,2704.14164912,833585568.686,5804.18028985,15.5678832442,173.700021172,1050.911033,189.814814815,1,189.814814815,810.185185185,Viga
2.37890625,88.8671875,86.9921875,1000,3.44140625,65.1953125,86.9921875,1000,80,3.12890625,1907.45913685,753767435.92,6571.34870907,14.6401723861,130.28939049,1240.8043619,145.1953,1,0,1000,Cartela
3.37890625,58.8671875,56.9921875,1000,2.44140625,95.1953125,56.9921875,1000,80,2.12890625,2705.458409,798559249.581,5959.86747153,11.6486004205,232.256091833,1370.5496285,212.5,1,212.5,787.5,Viga
2.87890625,43.8671875,71.9921875,1000,3.94140625,80.1953125,71.9921875,1000,80,2.62890625,1506.07039449,954148412.736,3196.30331871,14.2061873874,106.015101267,1207.594999,183.333333333,1,183.333333333,816.666666667,Viga
3.87890625,73.8671875,41.9921875,1000,2.94140625,50.1953125,41.9921875,1000,80,3.62890625,3638.50727128,484908285.491,9422.21328061,10.8864529445,334.223395796,1138.2972047,130.1953,1,0,1000,Cartela
2.06640625,41.9921875,47.6171875,1000,3.00390625,93.3203125,47.6171875,1000,80,3.81640625,794.145167071,962526306.517,1708.20515007,9.48965529479,83.6853544624,698.6676677,192.857142857,1,192.857142857,807.142857143,Viga
3.06640625,71.9921875,77.6171875,1000,2.00390625,63.3203125,77.6171875,1000,80,2.81640625,3142.70584006,1255887234.22,7030.78375375,11.5509373977,272.073662236,1207.8782567,151.785714286,1,151.785714286,848.214285714,Viga
2.56640625,86.9921875,62.6171875,1000,3.50390625,48.3203125,62.6171875,1000,80,2.31640625,1723.65639941,909567899.281,5096.53875926,11.7838166514,146.273185539,1852.5735483,128.3203,1,0,1000,Cartela
3.56640625,56.9921875,92.6171875,1000,2.50390625,78.3203125,92.6171875,1000,80,3.31640625,3116.44095574,1002724928.1,6740.02616416,14.9399276958,208.598128397,1081.5080408,180,1,180,820,Viga
2.31640625,79.4921875,70.1171875,1000,2.75390625,40.8203125,70.1171875,1000,80,3.56640625,1355.49655334,710563741.175,4617.21051421,10.2320824247,132.47514016,1195.646225,120.8203,1,0,1000,Cartela
3.31640625,49.4921875,40.1171875,1000,3.75390625,70.8203125,40.1171875,1000,80,2.56640625,1679.24082289,400294234.894,4364.08871563,10.6365135921,157.875116536,945.7418897,154.636060612,1,154.636060612,845.363939388,Viga
2.81640625,64.4921875,85.1171875,1000,2.25390625,85.8203125,85.1171875,1000,80,2.06640625,2368.40050134,1174884852,5951.25198455,12.515627122,189.235463654,1436.813661,185,1,185,815,Viga
3.81640625,94.4921875,55.1171875,1000,3.25390625,55.8203125,55.1171875,1000,80,3.06640625,4269.51199156,939266314.61,9018.3047053,14.1459591225,301.818487851,922.0086576,135.8203,1,0,1000,Cartela
2.19140625,98.2421875,43.8671875,1000,2.37890625,82.0703125,43.8671875,1000,80,3.94140625,2206.46522884,1170207424.55,6051.25852237,9.61596014237,229.458649597,2225.9402337,179.166666667,1,179.166666667,820.833333333,Viga
3.19140625,68.2421875,73.8671875,1000,3.37890625,52.0703125,73.8671875,1000,80,2.94140625,3113.65214866,1096625708.42,6556.87885149,13.4636520512,231.26356332,1042.3033146,133.333333333,1,133.333333333,866.666666667,Viga
2.69140625,53.2421875,58.8671875,1000,2.87890625,67.0703125,58.8671875,1000,80,2.44140625,1608.2037928,1088950264.99,3428.29532372,10.1919961449,157.790855681,1087.4146589,172.794117647,1,172.794117647,827.205882353,Viga
3.69140625,83.2421875,88.8671875,1000,3.87890625,97.0703125,88.8671875,1000,80,3.44140625,5264.85737018,1098347684.54,11817.9693347,20.8421536492,252.606206575,1147.8674462,194.444444444,1,194.444444444,805.555555556,Viga
2.44140625,60.7421875,81.3671875,1000,3.62890625,59.5703125,81.3671875,1000,80,3.69140625,1626.81781353,1123699563.75,4424.3521973,13.3283364714,122.057078692,1144.7271134,153.50877193,1,153.50877193,846.49122807,Viga
3.44140625,90.7421875,51.3671875,1000,2.62890625,89.5703125,51.3671875,1000,80,2.69140625,5014.72331311,1063935341.45,10776.1197336,13.1642968871,380.93362343,2668.9129391,206.140350877,1,206.140350877,793.859649123,Viga
2.94140625,75.7421875,96.3671875,1000,3.12890625,74.5703125,96.3671875,1000,80,2.19140625,3629.2519665,755116112.461,7968.00564134,16.0636717769,225.92916594,825.3699504,154.5703,1,0,1000,Cartela
3.94140625,45.7421875,66.3671875,1000,2.12890625,44.5703125,66.3671875,1000,80,3.19140625,2205.2038422,512944294.074,5016.19888177,10.3636182634,212.783198508,810.5487762,166.666666667,1,166.666666667,833.333333333,Viga
2.03515625,57.9296875,74.8046875,1000,2.22265625,68.0078125,74.8046875,1000,80,2.59765625,1094.03436794,1041371815.69,3257.37020166,9.24275602308,118.366682536,1418.5033605,165.254237288,1,165.254237288,834.745762712,Viga
3.03515625,87.9296875,44.8046875,1000,3.22265625,98.0078125,44.8046875,1000,80,3.59765625,3890.98318892,1144064442.05,8410.23052143,13.2594659009,293.449466065,1891.6992809,211.86440678,1,211.86440678,788.13559322,Viga
2.53515625,72.9296875,89.8046875,1000,2.72265625,83.0078125,89.8046875,1000,80,3.09765625,2203.50243035,1059678191.05,6386.86561574,13.8324772561,159.299190561,1196.1214813,182.291666667,1,182.291666667,817.708333333,Viga
3.53515625,42.9296875,59.8046875,1000,3.72265625,53.0078125,59.8046875,1000,80,2.09765625,1716.63451477,514627389.034,3926.84029179,11.6847371019,146.912549235,873.6808358,166.666666667,1,166.666666667,833.333333333,Viga
2.28515625,95.4296875,52.3046875,1000,3.97265625,75.5078125,52.3046875,1000,80,2.84765625,2329.30933713,1077923871.79,6468.93126865,12.8880172358,180.734498916,1677.8389858,186.440677966,1,186.440677966,813.559322034,Viga
3.28515625,65.4296875,82.3046875,1000,2.97265625,45.5078125,82.3046875,1000,80,3.84765625,3156.81797724,1027320716.49,6635.11191511,13.4431765217,234.826789051,1168.5934033,131.355932203,1,131.355932203,868.644067797,Viga
2.78515625,50.4296875,67.3046875,1000,3.47265625,60.5078125,67.3046875,1000,80,3.34765625,1631.96302242,1017543628.24,3488.46262968,11.8628067329,137.569721834,1247.3350397,162.878787879,1,162.878787879,837.121212121,Viga
3.78515625,80.4296875,97.3046875,1000,2.47265625,90.5078125,97.3046875,1000,80,2.34765625,0,0,12307.1273899,17.5324339116,0,388.7390064,90.5078,0,0,1000,Cartela
2.16015625,84.1796875,78.5546875,1000,3.34765625,49.2578125,78.5546875,1000,80,2.72265625,1298.10757447,724173592.957,4742.55084891,12.065154969,107.591454715,1334.6530998,129.2578,1,0,1000,Cartela
3.16015625,54.1796875,48.5546875,1000,2.34765625,79.2578125,48.5546875,1000,80,3.72265625,2061.88037717,620406312.098,4876.70840591,9.66911506678,213.243959032,1027.3926134,192.857142857,1,192.857142857,807.142857143,Viga
2.66015625,69.1796875,93.5546875,1000,3.84765625,94.2578125,93.5546875,1000,80,3.22265625,2313.46866084,1115919233.23,6552.72987187,17.8847691749,129.354124631,1219.8546623,195.652173913,1,195.652173913,804.347826087,Viga
3.66015625,99.1796875,63.5546875,1000,2.84765625,64.2578125,63.5546875,1000,80,2.22265625,3894.96656919,784600283.906,8478.82649688,14.6277350948,266.27270346,861.6526362,144.2578,1,0,1000,Cartela
2.41015625,46.6796875,41.0546875,1000,2.59765625,86.7578125,41.0546875,1000,80,2.97265625,1130.2063617,722587439.723,2477.74490118,8.39601798258,134.61218926,1108.5046695,200,1,200,800,Viga
3.41015625,76.6796875,71.0546875,1000,3.59765625,56.7578125,71.0546875,1000,80,3.97265625,3974.80332827,1099282463.4,8274.91798094,14.8077661026,268.426938994,1268.1846655,144.06779661,1,144.06779661,855.93220339,Viga
2.91015625,91.6796875,56.0546875,1000,2.09765625,41.7578125,56.0546875,1000,80,3.47265625,2207.26337077,888173393.043,6156.07174142,9.91459790673,222.627623584,1105.6848902,121.7578,1,0,1000,Cartela
3.91015625,61.6796875,86.0546875,1000,3.09765625,71.7578125,86.0546875,1000,80,2.47265625,3843.72072654,912925721.026,8076.04872222,16.2762799572,236.154743999,1051.6509885,179.245283019,1,179.245283019,820.754716981,Viga
2.09765625,86.0546875,95.4296875,1000,2.91015625,58.6328125,95.4296875,1000,80,2.03515625,1429.15115579,726326199.762,4657.48299274,12.88675772,110.900754623,1238.4296915,138.6328,1,0,1000,Cartela
3.09765625,56.0546875,65.4296875,1000,3.91015625,88.6328125,65.4296875,1000,80,3.03515625,2263.78525355,996625201.523,4702.53166402,14.9136389272,151.792950372,1316.5345121,199.152542373,1,199.152542373,800.847457627,Viga
2.59765625,41.0546875,80.4296875,1000,2.41015625,73.6328125,80.4296875,1000,80,3.53515625,1193.14551464,970491654.647,2716.56634672,10.8201935966,110.270255701,961.0859886,177.966101695,1,177.966101695,822.033898305,Viga
3.59765625,71.0546875,50.4296875,1000,3.41015625,43.6328125,50.4296875,1000,80,2.53515625,3343.73637758,760960463.949,8124.71771151,11.3673563695,294.152507311,958.3923999,123.6328,1,0,1000,Cartela
2.34765625,63.5546875,57.9296875,1000,3.16015625,81.1328125,57.9296875,1000,80,2.28515625,1584.4010852,1158152239.39,3799.23600839,11.1231102071,142.442271604,1548.5424351,181.451612903,1,181.451612903,818.548387097,Viga
3.34765625,93.5546875,87.9296875,1000,2.16015625,51.1328125,87.9296875,1000,80,3.28515625,3465.03741865,855082857.356,8133.51231689,14.1781114742,244.393438784,777.5282459,131.1328,1,0,1000,Cartela
2.84765625,78.5546875,42.9296875,1000,3.66015625,66.1328125,42.9296875,1000,80,3.78515625,2910.96647256,1023452496.97,6239.08301082,11.3579084067,256.294237312,1151.1649733,178.571428571,1,178.571428571,821.428571429,Viga
3.84765625,48.5546875,72.9296875,1000,2.66015625,96.1328125,72.9296875,1000,80,2.78515625,2629.96618819,670726945.147,5857.06818676,14.0329069148,187.414211764,1024.562661,205.357142857,1,205.357142857,794.642857143,Viga
2.22265625,52.3046875,91.6796875,1000,3.53515625,47.3828125,91.6796875,1000,80,2.16015625,1214.29101543,1110676503.4,3455.84360887,12.4797360797,97.3010172392,1280.6648553,135.964912281,1,135.964912281,864.035087719,Viga
3.22265625,82.3046875,61.6796875,1000,2.53515625,77.3828125,61.6796875,1000,80,3.16015625,3858.3500495,1184369455.11,8357.95235623,12.624098361,305.633712536,1648.9209854,197.368421053,1,197.368421053,802.631578947,Viga
2.72265625,97.3046875,76.6796875,1000,3.03515625,92.3828125,76.6796875,1000,80,3.66015625,3417.41161481,1129573188.14,9326.08262355,15.4045903105,221.843719692,1100.1189069,191.489361702,1,191.489361702,808.510638298,Viga
3.72265625,67.3046875,46.6796875,1000,2.03515625,62.3828125,46.6796875,1000,80,2.66015625,3258.32129355,501712646.762,8355.1505184,9.82552830334,331.617923531,1072.7088629,62.3828,1,0,1000,Cartela
2.47265625,74.8046875,69.1796875,1000,2.28515625,99.8828125,69.1796875,1000,80,2.41015625,2184.32127922,1085098183.78,5554.48091826,11.5684474459,188.817150221,1205.2880798,192.307692308,1,192.307692308,807.692307692,Viga
3.47265625,44.8046875,99.1796875,1000,3.28515625,69.8828125,99.1796875,1000,80,3.41015625,2210.78406631,836577170.515,4929.60485987,16.3242285848,135.429619527,1057.4216521,173.076923077,1,173.076923077,826.923076923,Viga
2.97265625,59.8046875,54.1796875,1000,2.78515625,54.8828125,54.1796875,1000,80,3.91015625,2152.19170097,929849934.521,4498.94747449,9.9523966373,216.248586085,967.0865164,166.666666667,1,166.666666667,833.333333333,Viga
3.97265625,89.8046875,84.1796875,1000,3.78515625,84.8828125,84.1796875,1000,80,2.91015625,6244.09177166,855206790.457,13334.8923218,20.3169589795,307.333975422,801.7690228,164.8828,1,0,1000,Cartela
2.01953125,49.9609375,78.0859375,1000,2.86328125,83.4765625,78.0859375,1000,80,3.14453125,963.091754424,1062335989.58,2798.04077578,11.3132785026,85.1293242891,1012.5835829,178.571428571,1,178.571428571,821.428571429,Viga
3.01953125,79.9609375,48.0859375,1000,3.86328125,53.4765625,48.0859375,1000,80,2.14453125,2584.43962231,824843665.431,5791.1364287,11.6747483517,221.370049653,792.7842443,133.4766,1,0,1000,Cartela
2.51953125,94.9609375,93.0859375,1000,2.36328125,68.4765625,93.0859375,1000,80,2.64453125,2167.47493073,774508588.875,6794.55373275,13.4097792568,161.633900844,1109.2101945,148.4766,1,0,1000,Cartela
3.51953125,64.9609375,63.0859375,1000,3.36328125,98.4765625,63.0859375,1000,80,3.64453125,3360.92901122,956937470.811,7086.29519966,15.2496451767,220.393915548,1094.2282685,218.75,1,218.75,781.25,Viga
2.26953125,72.4609375,40.5859375,1000,3.11328125,60.9765625,40.5859375,1000,80,3.39453125,1729.60469989,1015250566.07,3894.2795406,8.81905882301,196.121234091,1254.1034986,173.333333333,1,173.333333333,826.666666667,Viga
3.26953125,42.4609375,70.5859375,1000,2.11328125,90.9765625,70.5859375,1000,80,2.39453125,1738.52181838,755089013.965,3752.57016117,10.9577947149,158.656177052,1042.5604051,194.915254237,1,194.915254237,805.084745763,Viga
2.76953125,57.4609375,55.5859375,1000,3.61328125,75.9765625,55.5859375,1000,80,2.89453125,1859.10267485,1163993589.33,3919.90455278,12.0163037248,154.715020311,1184.3621368,185.606060606,1,185.606060606,814.393939394,Viga
3.76953125,87.4609375,85.5859375,1000,2.61328125,45.9765625,85.5859375,1000,80,3.89453125,4378.63895472,949802716.867,9370.99247116,15.4700383792,283.039954225,768.5655829,125.9766,1,0,1000,Cartela
2.14453125,91.2109375,74.3359375,1000,3.73828125,94.7265625,74.3359375,1000,80,3.01953125,1985.29287333,869709020.684,6695.47150254,15.2640666025,130.063168947,1395.5167059,190.68957419,1,190.68957419,809.31042581,Viga
3.14453125,61.2109375,44.3359375,1000,2.73828125,64.7265625,44.3359375,1000,80,2.01953125,2335.08736819,572859061.24,5733.65059348,9.53449637741,244.909356064,904.1897333,180,1,180,820,Viga
2.64453125,46.2109375,89.3359375,1000,3.23828125,49.7265625,89.3359375,1000,80,2.51953125,1388.03000355,1058778634.52,3442.27642478,12.4754495566,111.260920678,1269.0697682,148.305084746,1,148.305084746,851.694915254,Viga
3.64453125,76.2109375,59.3359375,1000,2.23828125,79.7265625,59.3359375,1000,80,3.51953125,4281.16655679,980165394.394,9244.65185317,12.4305524565,344.406780935,1537.1729221,199.152542373,1,199.152542373,800.847457627,Viga
2.39453125,68.7109375,51.8359375,1000,2.48828125,42.2265625,51.8359375,1000,80,3.26953125,1749.54117034,1171504471.77,4059.97808096,8.14679265586,214.75214164,1181.5270232,153.333333333,1,153.333333333,846.666666667,Viga
3.39453125,98.7109375,81.8359375,1000,3.48828125,72.2265625,81.8359375,1000,80,2.26953125,3770.579412,799340411.952,8726.8798429,17.594507676,214.304343233,904.4117673,152.2266,1,0,1000,Cartela
2.89453125,83.7109375,66.8359375,1000,2.98828125,87.2265625,66.8359375,1000,80,2.76953125,3237.12143636,1195570784.05,7809.65938887,13.8295004118,234.073635342,1461.9235313,193.396226415,1,193.396226415,806.603773585,Viga
3.89453125,53.7109375,96.8359375,1000,3.98828125,57.2265625,96.8359375,1000,80,3.76953125,3276.7351488,825871657.216,6974.98897857,18.3896590321,178.183572794,922.2840272,155.660377358,1,155.660377358,844.339622642,Viga
2.08203125,78.0859375,91.2109375,1000,2.05078125,70.3515625,91.2109375,1000,80,3.70703125,0,0,5566.44080573,10.9541504847,0,220.2286766,70.3516,0,0,1000,Cartela
3.08203125,48.0859375,61.2109375,1000,3.05078125,40.3515625,61.2109375,1000,80,2.70703125,1701.83420066,764395296.992,3608.40972009,9.84583255027,172.848176319,934.7354865,151.315789474,1,151.315789474,848.684210526,Viga
2.58203125,63.0859375,76.2109375,1000,2.55078125,55.3515625,76.2109375,1000,80,2.20703125,1861.91069937,1192286199.03,4575.0435343,10.7621056809,173.006171336,1446.9693398,158.333333333,1,158.333333333,841.666666667,Viga
3.58203125,93.0859375,46.2109375,1000,3.55078125,85.3515625,46.2109375,1000,80,3.20703125,5448.23202874,795667003.933,12750.8391918,14.6619351279,371.590242436,2492.885656,208.333333333,1,208.333333333,791.666666667,Viga
2.33203125,40.5859375,68.7109375,1000,3.80078125,62.8515625,68.7109375,1000,80,3.95703125,948.967817389,985886293.013,2217.74400259,11.6681935993,81.3294542393,976.8651751,164.179104478,1,164.179104478,835.820895522,Viga
3.33203125,70.5859375,98.7109375,1000,2.80078125,92.8515625,98.7109375,1000,80,2.95703125,3669.35134932,1181280744.8,8860.84142709,17.0926820723,214.673819696,1172.3286508,194.444444444,1,194.444444444,805.555555556,Viga
2.83203125,85.5859375,53.7109375,1000,3.30078125,77.8515625,53.7109375,1000,80,2.45703125,3188.56674,1310959203.24,7197.20546863,12.658072369,251.899866508,1576.8557757,195.833333333,1,195.833333333,804.166666667,Viga
3.83203125,55.5859375,83.7109375,1000,2.30078125,47.8515625,83.7109375,1000,80,3.45703125,3183.9001195,785080919.781,6994.40152679,12.9361911317,246.123459919,1048.9397917,150,1,150,850,Viga
2.20703125,59.3359375,94.9609375,1000,3.42578125,89.1015625,94.9609375,1000,80,3.58203125,0,0,4553.65247005,15.2067786497,0,250.372676,89.1016,0,0,1000,Cartela
3.20703125,89.3359375,64.9609375,1000,2.42578125,59.1015625,64.9609375,1000,80,2.58203125,3163.17237652,884396249.322,7376.88750175,12.2647226953,257.908185543,928.3089816,139.1016,1,0,1000,Cartela
2.70703125,74.3359375,79.9609375,1000,3.92578125,44.1015625,79.9609375,1000,80,2.08203125,2111.56203902,832435337.404,5092.45240698,13.742623573,153.650576821,898.486539,124.1016,1,0,1000,Cartela
3.70703125,44.3359375,49.9609375,1000,2.92578125,74.1015625,49.9609375,1000,80,3.08203125,1789.34466889,423257445.939,4432.91955438,10.7781879458,166.015352291,991.5667491,189.189189189,1,189.189189189,810.810810811,Viga
2.45703125,96.8359375,57.4609375,1000,2.67578125,51.6015625,57.4609375,1000,80,3.83203125,1509.56833966,710202951.179,5842.64450223,10.507404023,143.667107152,1314.7647926,131.6016,1,0,1000,Cartela
3.45703125,66.8359375,87.4609375,1000,3.67578125,81.6015625,87.4609375,1000,80,2.83203125,3540.94130662,1153284955.19,7667.89661932,17.6937914619,200.123377414,1091.3954521,180,1,180,820,Viga
2.95703125,51.8359375,42.4609375,1000,2.17578125,96.6015625,42.4609375,1000,80,2.33203125,1740.05323641,555812129.372,4311.41110083,8.90999595744,195.292258798,904.4354941,210.144927536,1,210.144927536,789.855072464,Viga
3.95703125,81.8359375,72.4609375,1000,3.17578125,66.6015625,72.4609375,1000,80,3.33203125,5519.56658938,933574355.407,11962.5535821,16.0928188484,342.983205204,1495.289698,195.454545455,1,195.454545455,804.545454545,Viga
2.05078125,94.0234375,65.8984375,1000,3.20703125,45.0390625,65.8984375,1000,80,2.98828125,977.452864551,655422693.894,4270.54055245,10.6048037185,92.1707643536,1251.2071749,125.0391,1,0,1000,Cartela
3.05078125,64.0234375,95.8984375,1000,2.20703125,75.0390625,95.8984375,1000,80,3.98828125,2737.2616706,1159512641.11,6839.7564611,13.6776900804,200.126019416,1028.1536222,173.469387755,1,173.469387755,826.530612245,Viga
2.55078125,49.0234375,50.8984375,1000,3.70703125,90.0390625,50.8984375,1000,80,3.48828125,1349.37699675,983667697.966,2790.95969836,11.9013099935,113.380543611,1269.2829537,197.76119403,1,197.76119403,802.23880597,Viga
3.55078125,79.0234375,80.8984375,1000,2.70703125,60.0390625,80.8984375,1000,80,2.48828125,4083.84144304,836412765.168,8667.67636115,14.5828799917,280.043547322,907.601523,140.0391,1,0,1000,Cartela
2.30078125,56.5234375,88.3984375,1000,2.95703125,97.5390625,88.3984375,1000,80,2.73828125,1457.81648525,1119318140.06,4087.96832408,13.7788510177,105.801019502,1085.6408327,193.87755102,1,193.87755102,806.12244898,Viga
3.30078125,86.5234375,58.3984375,1000,3.95703125,67.5390625,58.3984375,1000,80,3.73828125,4305.28491985,1210095055.66,9220.25460889,14.8820046596,289.294689683,1872.5115098,191.666666667,1,191.666666667,808.333333333,Viga
2.80078125,71.5234375,73.3984375,1000,2.45703125,52.5390625,73.3984375,1000,80,3.23828125,2550.66214474,1247330367.62,5776.41352427,11.1685226345,228.379547431,1248.5671575,133.333333333,1,133.333333333,866.666666667,Viga
3.80078125,41.5234375,43.3984375,1000,3.45703125,82.5390625,43.3984375,1000,80,2.23828125,1532.00280937,387874541.625,3981.86983328,11.2726063879,135.904932422,928.7553353,162.5391,1,0,1000,Cartela
2.17578125,45.2734375,62.1484375,1000,2.33203125,56.2890625,62.1484375,1000,80,2.86328125,937.005770789,904251785.672,2193.27905668,7.98829891028,117.297284605,762.9143376,154.929577465,1,154.929577465,845.070422535,Viga
3.17578125,75.2734375,92.1484375,1000,3.33203125,86.2890625,92.1484375,1000,80,3.86328125,3511.31431741,1203183013.44,8710.29129153,17.5271162263,200.336111889,1058.006265,186.170212766,1,186.170212766,813.829787234,Viga
2.67578125,90.2734375,47.1484375,1000,2.83203125,71.2890625,47.1484375,1000,80,3.36328125,3046.42916723,1290991496.44,7023.14421725,10.8722635853,280.201923299,1941.9472383,190.476190476,1,190.476190476,809.523809524,Viga
3.67578125,60.2734375,77.1484375,1000,3.83203125,41.2890625,77.1484375,1000,80,2.36328125,3194.25948727,801847822.34,6751.7909887,14.4514182835,221.034325117,1133.7658286,170.634920635,1,170.634920635,829.365079365,Viga
2.42578125,82.7734375,99.6484375,1000,3.58203125,78.7890625,99.6484375,1000,80,2.61328125,2686.06710681,751627647.637,7256.5711423,16.7573181978,160.292182502,968.5739745,158.7891,1,0,1000,Cartela
3.42578125,52.7734375,69.6484375,1000,2.58203125,48.7890625,69.6484375,1000,80,3.61328125,2353.60726402,864287014.805,5000.69423818,11.2128018314,209.903581585,1179.2059903,152.985074627,1,152.985074627,847.014925373,Viga
2.92578125,67.7734375,84.6484375,1000,3.08203125,63.7890625,84.6484375,1000,80,3.11328125,2624.83485192,1066489066.16,6209.1572008,14.0074209605,187.388874749,1070.6694044,157.407407407,1,157.407407407,842.592592593,Viga
3.92578125,97.7734375,54.6484375,1000,2.08203125,93.7890625,54.6484375,1000,80,2.11328125,5178.75740604,1525595397.99,11514.0950698,13.835259068,374.31589684,1055.5442183,5.97659444563,1,0,1000,Cartela
2.11328125,65.8984375,45.2734375,1000,3.89453125,50.6640625,45.2734375,1000,80,2.42578125,1312.1191561,998950137.94,3096.21554321,9.15744544774,143.284408691,1007.7178628,166.666666667,1,166.666666667,833.333333333,Viga
3.11328125,95.8984375,75.2734375,1000,2.89453125,80.6640625,75.2734375,1000,80,3.42578125,3723.89564833,851869878.074,9884.9186731,15.2867556803,243.602745162,913.7891687,160.6641,1,0,1000,Cartela
2.61328125,80.8984375,60.2734375,1000,3.39453125,95.6640625,60.2734375,1000,80,3.92578125,2589.7750111,1127864188.52,6353.95239081,13.9337194988,185.863868676,1526.1822254,203.703703704,1,203.703703704,796.296296296,Viga
3.61328125,50.8984375,90.2734375,1000,2.39453125,65.6640625,90.2734375,1000,80,2.92578125,2662.86121791,917553727.625,5592.81094347,13.6623413699,194.905188343,877.558853,171.296296296,1,171.296296296,828.703703704,Viga
2.36328125,88.3984375,82.7734375,1000,2.14453125,88.1640625,82.7734375,1000,80,2.17578125,2424.39861536,741424719.083,6838.81282728,12.0558433482,201.097388655,1167.1785014,168.1641,1,0,1000,Cartela
3.36328125,58.3984375,52.7734375,1000,3.14453125,58.1640625,52.7734375,1000,80,3.17578125,2478.71121112,659004060.894,5738.53852373,10.9898598089,225.545298505,947.2607947,178.082191781,1,178.082191781,821.917808219,Viga
2.86328125,43.3984375,97.7734375,1000,2.64453125,43.1640625,97.7734375,1000,80,3.67578125,1544.4807582,999252434.728,3753.61454704,12.2245810705,126.34222386,814.4220496,140.350877193,1,140.350877193,859.649122807,Viga
3.86328125,73.3984375,67.7734375,1000,3.64453125,73.1640625,67.7734375,1000,80,2.67578125,4507.90451882,960622796.632,9646.18008883,16.0366386944,281.100335595,1233.7634545,192.98245614,1,192.98245614,807.01754386,Viga
2.23828125,77.1484375,49.0234375,1000,2.51953125,69.4140625,49.0234375,1000,80,2.30078125,1753.31085083,1156519703.41,4396.85711272,8.97790346001,195.291791523,1700.7822734,178.03030303,1,178.03030303,821.96969697,Viga
3.23828125,47.1484375,79.0234375,1000,3.51953125,99.4140625,79.0234375,1000,80,3.30078125,2078.72614515,892110459.632,4377.25550267,15.9537733925,130.296832856,986.5438566,202.830188679,1,202.830188679,797.169811321,Viga
2.73828125,62.1484375,64.0234375,1000,2.01953125,84.4140625,64.0234375,1000,80,3.80078125,2068.34965377,1119392345.7,4566.23912541,10.174234184,203.292907982,1405.1742883,182.203389831,1,182.203389831,817.796610169,Viga
3.73828125,92.1484375,94.0234375,1000,3.01953125,54.4140625,94.0234375,1000,80,2.80078125,4418.60988863,861036441.558,9402.19207124,17.6130120093,250.871905743,826.7156461,134.4141,1,0,1000,Cartela
2.48828125,54.6484375,71.5234375,1000,3.26953125,76.9140625,71.5234375,1000,80,2.05078125,1517.57789749,1189373795.37,3581.33653926,12.2517651405,123.866061755,1480.6741201,177.966101695,1,177.966101695,822.033898305,Viga
3.48828125,84.6484375,41.5234375,1000,2.26953125,46.9140625,41.5234375,1000,80,3.05078125,3215.6978025,839005202.432,7281.86258322,9.78306095524,328.700579216,1948.8350121,126.9141,1,0,1000,Cartela
2.98828125,99.6484375,86.5234375,1000,3.76953125,61.9140625,86.5234375,1000,80,3.55078125,2699.99273767,784959808.318,8323.89212038,17.243877898,156.576887962,1260.8160762,141.9141,1,0,1000,Cartela
3.98828125,69.6484375,56.5234375,1000,2.76953125,91.9140625,56.5234375,1000,80,2.55078125,4254.85374413,662473417.44,10286.4490874,13.8705405137,306.754718024,1209.8898466,211.86440678,1,211.86440678,788.13559322,Viga
2.01171875,69.8828125,90.0390625,1000,3.30859375,56.9921875,90.0390625,1000,80,3.94921875,1349.47662704,1115873698.22,4423.20472186,12.7318729647,105.991995897,1327.7413962,146.226415094,1,146.226415094,853.773584906,Viga
3.01171875,99.8828125,60.0390625,1000,2.30859375,86.9921875,60.0390625,1000,80,2.94921875,3660.08287897,885925518.256,9504.27399727,12.7441167821,287.197845214,1146.5419717,166.9922,1,0,1000,Cartela
2.51171875,84.8828125,75.0390625,1000,3.80859375,71.9921875,75.0390625,1000,80,2.44921875,2365.97795546,823311342.101,6833.62618205,14.730761073,160.614780441,1710.35613,151.9922,1,0,1000,Cartela
3.51171875,54.8828125,45.0390625,1000,2.80859375,41.9921875,45.0390625,1000,80,3.44921875,2131.20644429,417417240.896,5406.71741308,9.02305065939,236.195775103,811.6661854,126.244645195,1,126.244645195,873.755354805,Viga
2.26171875,92.3828125,67.5390625,1000,2.55859375,79.4921875,67.5390625,1000,80,3.69921875,2213.22843618,978952252.424,6798.63459692,11.6264272026,190.361871072,1716.8078614,174.528301887,1,174.528301887,825.471698113,Viga
3.26171875,62.3828125,97.5390625,1000,3.55859375,49.4921875,97.5390625,1000,80,2.69921875,3188.64177962,953157995.587,6716.82790439,16.0417712644,198.77117851,1279.014781,127.358490566,1,0,1000,Cartela
2.76171875,47.3828125,52.5390625,1000,2.05859375,64.4921875,52.5390625,1000,80,2.19921875,1418.03637121,813362821.334,2988.84508054,7.95548671031,178.24633776,1167.5052678,175.675675676,1,175.675675676,824.324324324,Viga
3.76171875,77.3828125,82.5390625,1000,3.05859375,94.4921875,82.5390625,1000,80,3.19921875,4891.72700414,1106770026.49,10414.8945514,17.6029998494,277.891668806,887.390726,208.333333333,1,208.333333333,791.666666667,Viga
2.13671875,73.6328125,93.7890625,1000,2.18359375,45.7421875,93.7890625,1000,80,3.82421875,1447.81719123,719726669.32,4421.94103296,10.6174470123,136.362083047,1158.5302127,125.7422,1,0,1000,Cartela
3.13671875,43.6328125,63.7890625,1000,3.18359375,75.7421875,63.7890625,1000,80,2.82421875,1614.72350035,756586607.143,3467.35501126,11.9389420896,135.248457378,996.0213185,184.615384615,1,184.615384615,815.384615385,Viga
2.63671875,58.6328125,78.7890625,1000,2.68359375,90.7421875,78.7890625,1000,80,2.32421875,1878.63472851,1103687924.32,4533.26874936,12.6664945476,148.3152834,1116.7216013,188.679245283,1,188.679245283,811.320754717,Viga
3.63671875,88.6328125,48.7890625,1000,3.68359375,60.7421875,48.7890625,1000,80,3.32421875,4202.3555945,946136553.844,9326.73135484,13.6504391399,307.854974586,1327.7554638,140.7422,1,0,1000,Cartela
2.38671875,51.1328125,56.2890625,1000,3.93359375,98.2421875,56.2890625,1000,80,3.57421875,1303.5507128,1141641695.59,2809.91961082,13.2622211062,98.2905278359,1249.0216422,201.612903226,1,201.612903226,798.387096774,Viga
3.38671875,81.1328125,86.2890625,1000,2.93359375,68.2421875,86.2890625,1000,80,2.57421875,4095.49322523,807048308.676,8727.41600354,15.7155748539,260.600917454,844.7555788,148.2422,1,0,1000,Cartela
2.88671875,96.1328125,41.2890625,1000,3.43359375,53.2421875,41.2890625,1000,80,2.07421875,2167.85770383,831020401.74,5258.75273248,10.8724894785,199.389266654,814.6503368,133.2422,1,0,1000,Cartela
3.88671875,66.1328125,71.2890625,1000,2.43359375,83.2421875,71.2890625,1000,80,3.07421875,4017.31330356,899423666.026,8592.88545908,13.9786866659,287.388464995,1092.3914997,200,1,200,800,Viga
2.07421875,98.0078125,80.6640625,1000,3.62109375,66.3671875,80.6640625,1000,80,3.38671875,1328.9396587,626470199.676,5946.90923001,14.04330581,94.6315402285,1173.9636193,146.3672,1,0,1000,Cartela
3.07421875,68.0078125,50.6640625,1000,2.62109375,96.3671875,50.6640625,1000,80,2.38671875,2835.79203027,1084404417.57,5992.53876943,11.493041538,246.739909615,1487.9064925,213.114754098,1,213.114754098,786.885245902,Viga
2.57421875,53.0078125,95.6640625,1000,3.12109375,81.3671875,95.6640625,1000,80,2.88671875,1638.75069731,1103540424.85,4517.62530141,14.559663438,112.554160629,920.4857572,180,1,180,820,Viga
3.57421875,83.0078125,65.6640625,1000,2.12109375,51.3671875,65.6640625,1000,80,3.88671875,3934.39819273,1121768694.66,8989.18099359,12.1195353703,324.632757983,1276.4487709,6.4209,1,0,1000,Cartela
2.32421875,60.5078125,43.1640625,1000,2.37109375,73.8671875,43.1640625,1000,80,3.13671875,1477.85721727,1078421567.33,3181.00556209,8.07129964684,183.100279005,1318.6217404,184.931506849,1,184.931506849,815.068493151,Viga
3.32421875,90.5078125,73.1640625,1000,3.37109375,43.8671875,73.1640625,1000,80,2.13671875,2962.73474811,888551093.723,6437.72328646,14.2784260545,207.497292544,1131.2643806,123.8672,1,0,1000,Cartela
2.82421875,75.5078125,58.1640625,1000,2.87109375,58.8671875,58.1640625,1000,80,2.63671875,2669.88226801,1174890864.43,6007.65499086,10.9617237966,243.564088784,1692.8063006,171.875,1,171.875,828.125,Viga
3.82421875,45.5078125,88.1640625,1000,3.87109375,88.8671875,88.1640625,1000,80,3.63671875,2543.22710012,723859032.126,5541.61274429,18.3226679004,138.802226507,799.8285134,192.307692308,1,192.307692308,807.692307692,Viga
2.19921875,41.7578125,76.9140625,1000,2.99609375,47.6171875,76.9140625,1000,80,3.26171875,882.148554463,1107777601.95,2224.28040557,9.90817752219,89.0323727535,1158.9915835,140.151515152,1,140.151515152,859.848484848,Viga
3.19921875,71.7578125,46.9140625,1000,3.99609375,77.6171875,46.9140625,1000,80,2.26171875,3133.42946533,913951581.562,7089.52958594,13.158593256,238.127997755,1614.678731,196.96969697,1,196.96969697,803.03030303,Viga
2.69921875,86.7578125,91.9140625,1000,2.49609375,92.6171875,91.9140625,1000,80,2.76171875,3137.25296781,1015298020.72,8901.02207851,14.7429928502,212.796207642,1446.248272,183.333333333,1,183.333333333,816.666666667,Viga
3.69921875,56.7578125,61.9140625,1000,3.49609375,62.6171875,61.9140625,1000,80,3.76171875,2827.08862634,688320687.138,6399.67111352,13.3098910425,212.405091621,1041.1271818,178.03030303,1,178.03030303,821.96969697,Viga
2.44921875,79.2578125,54.4140625,1000,3.24609375,85.1171875,54.4140625,1000,80,3.01171875,2204.60771,1196567618.57,5465.76423528,12.0286823548,183.279235827,1929.3240614,199.152542373,1,199.152542373,800.847457627,Viga
3.44921875,49.2578125,84.4140625,1000,2.24609375,55.1171875,84.4140625,1000,80,2.01171875,2322.77943813,858841389.254,4897.56101175,11.8789678108,195.537143894,1252.3821277,156.779661017,1,156.779661017,843.220338983,Viga
2.94921875,64.2578125,69.4140625,1000,3.74609375,40.1171875,69.4140625,1000,80,2.51171875,2550.43647053,1023742196.23,5285.45338612,12.1985592587,209.076860345,1087.0943364,125,1,125,875,Viga
3.94921875,94.2578125,99.4140625,1000,2.74609375,70.1171875,99.4140625,1000,80,3.51171875,5710.35141597,836269054.413,12069.7842085,19.0772380484,299.327995043,862.960514,150.1172,1,0,1000,Cartela
2.04296875,82.0703125,45.9765625,1000,2.65234375,93.5546875,45.9765625,1000,80,2.16796875,1618.14545384,1116166834.54,4384.22062333,9.76285334894,165.745135772,1627.113964,195.833333333,1,195.833333333,804.166666667,Viga
3.04296875,52.0703125,75.9765625,1000,3.65234375,63.5546875,75.9765625,1000,80,3.16796875,2025.01267562,1031966915.17,4375.26058105,13.7816467744,146.935464882,1123.0386757,166.666666667,1,166.666666667,833.333333333,Viga
2.54296875,67.0703125,60.9765625,1000,2.15234375,48.5546875,60.9765625,1000,80,3.66796875,1896.71737949,1178692792.18,4478.74572987,8.84787375676,214.369851067,1633.4718206,150.735294118,1,150.735294118,849.264705882,Viga
3.54296875,97.0703125,90.9765625,1000,3.15234375,78.5546875,90.9765625,1000,80,2.66796875,4573.05502549,807877237.448,10405.2984623,18.4938499602,247.274366091,812.7023768,158.5547,1,0,1000,Cartela
2.29296875,44.5703125,83.4765625,1000,3.40234375,41.0546875,83.4765625,1000,80,2.41796875,1031.11125069,1171178231.09,2752.94519146,11.0338524994,93.449794688,1403.43036,136.71875,1,136.71875,863.28125,Viga
3.29296875,74.5703125,53.4765625,1000,2.40234375,71.0546875,53.4765625,1000,80,3.41796875,3473.93928802,999483600.788,7359.20419914,11.129220756,312.145779492,1678.3885066,191.40625,1,191.40625,808.59375,Viga
2.79296875,89.5703125,98.4765625,1000,3.90234375,86.0546875,98.4765625,1000,80,3.91796875,3520.43978662,1030143417.66,9652.80329355,19.3677933443,181.767727693,1014.7160106,174.418604651,1,174.418604651,825.581395349,Viga
3.79296875,59.5703125,68.4765625,1000,2.90234375,56.0546875,68.4765625,1000,80,2.91796875,3205.48270377,780029062.568,6999.05385435,12.9074335036,248.34392545,1376.376822,175.78125,1,175.78125,824.21875,Viga
2.16796875,55.8203125,49.7265625,1000,3.77734375,82.3046875,49.7265625,1000,80,2.04296875,1173.3584546,1376394078.47,2711.08140225,11.0197601352,106.477676483,1171.5877828,187.5,1,187.5,812.5,Viga
3.16796875,85.8203125,79.7265625,1000,2.77734375,52.3046875,79.7265625,1000,80,3.04296875,3064.34383442,934172158.985,7261.52578391,13.8019556207,222.022437881,1192.7283707,132.3047,1,0,1000,Cartela
2.66796875,70.8203125,64.7265625,1000,3.27734375,67.3046875,64.7265625,1000,80,3.54296875,2231.48767815,1198579832.79,5293.55328712,12.292122316,181.538030682,1114.295779,166.666666667,1,166.666666667,833.333333333,Viga
3.66796875,40.8203125,94.7265625,1000,2.27734375,97.3046875,94.7265625,1000,80,2.54296875,2135.12600181,749661402.515,4628.02560306,14.4280276336,147.984607185,863.500187,204.081632653,1,204.081632653,795.918367347,Viga
2.41796875,93.3203125,72.2265625,1000,2.02734375,59.8046875,72.2265625,1000,80,2.29296875,1742.50468003,807613947.686,5437.58857896,10.43661194,166.960761792,1606.1501132,139.8047,1,0,1000,Cartela
3.41796875,63.3203125,42.2265625,1000,3.02734375,89.8046875,42.2265625,1000,80,3.29296875,2734.75075795,461043850.418,7127.4362209,11.5735171907,236.293834699,1165.3978288,205.882352941,1,205.882352941,794.117647059,Viga
2.91796875,48.3203125,87.2265625,1000,2.52734375,74.8046875,87.2265625,1000,80,3.79296875,1783.08256084,986806449.735,4136.11838091,12.6554081201,140.894907846,969.0361409,175.925925926,1,175.925925926,824.074074074,Viga
3.91796875,78.3203125,57.2265625,1000,3.52734375,44.8046875,57.2265625,1000,80,2.79296875,4046.39702146,863505186.663,9134.25360258,13.3977801112,302.019960611,935.9492682,124.8047,1,0,1000,Cartela
2.10546875,53.9453125,62.8515625,1000,2.46484375,91.6796875,62.8515625,1000,80,2.73046875,1108.76019951,1047490430.88,2864.67602035,9.80046698963,113.133404835,1156.4027767,199.152542373,1,199.152542373,800.847457627,Viga
3.10546875,83.9453125,92.8515625,1000,3.46484375,61.6796875,92.8515625,1000,80,3.73046875,3520.65112718,853058031.813,8519.13845026,16.8413406715,209.048150967,785.3852138,141.6797,1,0,1000,Cartela
2.60546875,98.9453125,47.8515625,1000,2.96484375,46.6796875,47.8515625,1000,80,3.23046875,1575.01219799,826855460.878,5718.82154916,10.215528542,154.178238699,1491.3731954,126.6797,1,0,1000,Cartela
3.60546875,68.9453125,77.8515625,1000,3.96484375,76.6796875,77.8515625,1000,80,2.23046875,3835.79154486,1035454919.02,8036.28575151,17.2932987455,221.807973211,1337.6175254,185.185185185,1,185.185185185,814.814814815,Viga
2.35546875,76.4453125,85.3515625,1000,3.71484375,54.1796875,85.3515625,1000,80,2.98046875,1875.20970682,774184259.893,5405.40461444,13.8894026691,135.010104574,1271.8216598,134.1797,1,0,1000,Cartela
3.35546875,46.4453125,55.3515625,1000,2.71484375,84.1796875,55.3515625,1000,80,3.98046875,1847.11079185,592865714.136,4279.58950769,11.1206430339,166.097480714,1074.875754,201.492537313,1,201.492537313,798.507462687,Viga
2.85546875,61.4453125,70.3515625,1000,3.21484375,99.1796875,70.3515625,1000,80,3.48046875,2271.39459542,1158378613.7,5116.53059027,14.2770545974,159.094061029,1175.2312054,199.074074074,1,199.074074074,800.925925926,Viga
3.85546875,91.4453125,40.3515625,1000,2.21484375,69.1796875,40.3515625,1000,80,2.48046875,0,0,8793.21761327,11.379235959,0,821.6040644,65.5470260855,0,0,1000,Cartela
2.23046875,87.6953125,59.1015625,1000,3.08984375,72.9296875,59.1015625,1000,80,2.60546875,1981.12232308,1186437447.27,5663.42337929,11.3571500465,174.438333119,1802.8321796,168.103448276,1,168.103448276,831.896551724,Viga
3.23046875,57.6953125,89.1015625,1000,2.08984375,42.9296875,89.1015625,1000,80,3.60546875,2664.33310433,957336442.996,5581.73507607,11.7789278424,226.194874438,1225.8127385,129.310344828,1,129.310344828,870.689655172,Viga
2.73046875,42.6953125,44.1015625,1000,3.58984375,57.9296875,44.1015625,1000,80,3.10546875,1132.89807437,531212047.935,2664.13512183,9.11026089887,124.3540758,875.9050083,170.588235294,1,170.588235294,829.411764706,Viga
3.73046875,72.6953125,74.1015625,1000,2.58984375,87.9296875,74.1015625,1000,80,2.10546875,4358.36845087,1007314495.23,8966.7412298,14.7826581623,294.82982039,1434.8154146,201.923076923,1,201.923076923,798.076923077,Viga
2.48046875,65.1953125,96.6015625,1000,2.83984375,65.4296875,96.6015625,1000,80,2.85546875,1882.41805446,1165393386.17,5455.99425432,13.4671586599,139.77841221,1265.2619485,150,1,150,850,Viga
3.48046875,95.1953125,66.6015625,1000,3.83984375,95.4296875,66.6015625,1000,80,3.85546875,5419.01554745,1253999087.24,11934.9595277,18.1876558564,297.950191614,1428.7179659,215,1,215,785,Viga
2.98046875,80.1953125,81.6015625,1000,2.33984375,80.4296875,81.6015625,1000,80,3.35546875,3327.76021599,1224928935.77,8184.07964939,13.484216234,246.789294849,1506.9258641,170,1,170,830,Viga
3.98046875,50.1953125,51.6015625,1000,3.33984375,50.4296875,51.6015625,1000,80,2.35546875,2275.87032803,420610448.2,5680.78886214,11.0902095898,205.214365843,875.9486104,130.4297,1,0,1000,Cartela
2.02734375,90.0390625,51.1328125,1000,2.26171875,49.9609375,51.1328125,1000,80,3.58984375,1031.44842259,685688555.136,4494.20172959,8.13671080808,126.764788244,1606.549058,129.9609,1,0,1000,Cartela
3.02734375,60.0390625,81.1328125,1000,3.26171875,79.9609375,81.1328125,1000,80,2.58984375,2457.38607218,1185652070.37,5585.54023025,14.6540026235,167.693846884,1338.1263462,179.245283019,1,179.245283019,820.754716981,Viga
2.52734375,45.0390625,66.1328125,1000,2.76171875,94.9609375,66.1328125,1000,80,2.08984375,1269.07705753,1027640308.98,2758.72483743,11.1836457948,113.476149085,1021.3042808,199.152542373,1,199.152542373,800.847457627,Viga
3.52734375,75.0390625,96.1328125,1000,3.76171875,64.9609375,96.1328125,1000,80,3.08984375,4544.11170558,1044428323.24,9575.09336029,18.577281344,244.605850632,1192.8831209,142.857142857,1,0,1000,Cartela
2.27734375,67.5390625,73.6328125,1000,3.51171875,87.4609375,73.6328125,1000,80,3.83984375,1634.81976353,1083544584.28,4560.82805304,13.8230419118,118.267728186,1374.1476841,183.962264151,1,183.962264151,816.037735849,Viga
3.27734375,97.5390625,43.6328125,1000,2.51171875,57.4609375,43.6328125,1000,80,2.83984375,2815.83641811,957205821.7,7371.8770681,10.9676703426,256.739702247,1302.3065328,137.4609,1,0,1000,Cartela
2.77734375,82.5390625,88.6328125,1000,3.01171875,42.4609375,88.6328125,1000,80,2.33984375,2144.44138196,800029822.769,5436.49381963,13.437031285,159.591902145,1462.2179575,122.4609,1,0,1000,Cartela
3.77734375,52.5390625,58.6328125,1000,2.01171875,72.4609375,58.6328125,1000,80,3.33984375,2559.59211838,567491683.961,6050.70447564,10.4999349413,243.772188368,1352.453428,190.298507463,1,190.298507463,809.701492537,Viga
2.15234375,48.7890625,47.3828125,1000,3.13671875,68.7109375,47.3828125,1000,80,3.71484375,985.553270961,1036241860.72,2153.1606087,8.8554868016,111.292952386,782.6047968,177.631578947,1,177.631578947,822.368421053,Viga
3.15234375,78.7890625,77.3828125,1000,2.13671875,98.7109375,77.3828125,1000,80,2.71484375,3643.5208253,1136152674.09,8505.30183947,13.5039835029,269.810817269,1286.6659489,198.979591837,1,198.979591837,801.020408163,Viga
2.65234375,93.7890625,62.3828125,1000,3.63671875,83.7109375,62.3828125,1000,80,2.21484375,2660.08136607,817387746.709,7696.38523964,14.4423719342,184.185906456,1809.6054051,163.7109,1,0,1000,Cartela
3.65234375,63.7890625,92.3828125,1000,2.63671875,53.7109375,92.3828125,1000,80,3.21484375,3791.08442053,901409741.322,8286.61790247,14.7909182234,256.311634158,1021.077744,136.79245283,1,136.79245283,863.20754717,Viga
2.40234375,71.2890625,84.8828125,1000,2.88671875,76.2109375,84.8828125,1000,80,3.96484375,2020.47217126,1054394858.19,5573.78725681,13.2463710332,152.530241392,1332.9995658,151.960784314,1,0,1000,Cartela
3.40234375,41.2890625,54.8828125,1000,3.88671875,46.2109375,54.8828125,1000,80,2.96484375,1479.97776137,485264518.534,3436.29723658,10.7616336323,137.523522165,715.7890209,164.634146341,1,164.634146341,835.365853659,Viga
2.90234375,56.2890625,99.8828125,1000,2.38671875,61.2109375,99.8828125,1000,80,2.46484375,2231.58083617,1070308113.87,5498.02691134,13.0516409147,170.98086369,1453.5969803,156.862745098,1,156.862745098,843.137254902,Viga
3.90234375,86.2890625,69.8828125,1000,3.38671875,91.2109375,69.8828125,1000,80,3.46484375,5849.60535286,1114720889.56,12178.5409411,17.6843947769,330.777808721,1344.7819383,215.68627451,1,215.68627451,784.31372549,Viga
2.08984375,61.9140625,60.5078125,1000,2.57421875,44.3359375,60.5078125,1000,80,3.02734375,1208.89318734,1079607763.38,3187.04487086,8.2234671639,147.005291472,1299.078474,133.802816901,1,133.802816901,866.197183099,Viga
3.08984375,91.9140625,90.5078125,1000,3.57421875,74.3359375,90.5078125,1000,80,2.02734375,3371.35272626,771868413.202,7861.54842797,17.6633622687,190.866986419,867.3726647,154.3359,1,0,1000,Cartela
2.58984375,76.9140625,45.5078125,1000,2.07421875,89.3359375,45.5078125,1000,80,2.52734375,2426.12273762,1185935862.85,5365.99077258,9.25225669812,262.219566186,1894.4555521,206.349206349,1,206.349206349,793.650793651,Viga
3.58984375,46.9140625,75.5078125,1000,3.07421875,59.3359375,75.5078125,1000,80,3.52734375,2213.6862609,794596879.113,4858.27389979,13.1202647014,168.722682909,1263.3058842,162.698412698,1,162.698412698,837.301587302,Viga
2.33984375,99.4140625,98.0078125,1000,3.32421875,96.8359375,98.0078125,1000,80,3.27734375,2626.88405164,753230806.211,8997.41647228,17.3521813379,151.38638771,1085.099891,176.8359,1,0,1000,Cartela
3.33984375,69.4140625,68.0078125,1000,2.32421875,66.8359375,68.0078125,1000,80,2.27734375,3319.20402535,1034552709.93,6967.74172119,11.8582322228,279.907153357,1341.6327359,186.440677966,1,186.440677966,813.559322034,Viga
2.83984375,54.4140625,83.0078125,1000,3.82421875,51.8359375,83.0078125,1000,80,2.77734375,1895.43998959,1138040600.07,4463.06012679,13.8547881645,136.807576347,1135.9628728,148.305084746,1,148.305084746,851.694915254,Viga
3.83984375,84.4140625,53.0078125,1000,2.82421875,81.8359375,53.0078125,1000,80,3.77734375,5260.30430716,801982133.16,12434.2685566,13.9176060561,377.960425517,1900.3682475,203.389830508,1,203.389830508,796.610169492,Viga
2.21484375,80.6640625,64.2578125,1000,3.94921875,55.5859375,64.2578125,1000,80,3.15234375,1760.74541048,1132344046.33,4895.72189723,12.1644008359,144.745757249,1488.9586606,151.639344262,1,151.639344262,848.360655738,Viga
3.21484375,50.6640625,94.2578125,1000,2.94921875,85.5859375,94.2578125,1000,80,2.15234375,2334.93179426,943421101.829,5308.23474555,15.3324316808,152.287115499,1179.1236969,185,1,185,815,Viga
2.71484375,65.6640625,49.2578125,1000,3.44921875,70.5859375,49.2578125,1000,80,2.65234375,2128.78234877,1061532569.08,4491.1849196,11.0323658972,192.957917513,1233.5614204,188.405797101,1,188.405797101,811.594202899,Viga
3.71484375,95.6640625,79.2578125,1000,2.44921875,40.5859375,79.2578125,1000,80,3.65234375,3667.80889149,914095631.506,8789.93549595,14.6290537864,250.720856253,943.1483074,120.5859,1,0,1000,Cartela
2.46484375,43.1640625,86.7578125,1000,2.19921875,78.0859375,86.7578125,1000,80,3.40234375,1194.86520547,1054643708.99,3075.32359212,10.809722622,110.536157796,1033.6315059,177.272727273,1,177.272727273,822.727272727,Viga
3.46484375,73.1640625,56.7578125,1000,3.19921875,48.0859375,56.7578125,1000,80,2.40234375,3367.67080012,871423305.138,7200.54841354,11.8768987128,283.547993592,985.1239114,128.0859,1,0,1000,Cartela
2.96484375,88.1640625,71.7578125,1000,2.69921875,63.0859375,71.7578125,1000,80,2.90234375,2888.00251455,885428787.219,7467.32859123,12.9842705215,222.423162684,1130.3883691,143.0859,1,0,1000,Cartela
3.96484375,58.1640625,41.7578125,1000,3.69921875,93.0859375,41.7578125,1000,80,3.90234375,2719.85813297,449365284.125,7258.66201711,13.4687475814,201.938459128,1354.4741898,176.158617251,1,176.158617251,823.841382749,Viga
2.05859375,45.9765625,93.3203125,1000,3.66796875,71.5234375,93.3203125,1000,80,2.30859375,937.329024088,1046805138.28,2867.64238498,13.7468223159,68.1851414494,1184.2884704,165.094339623,1,165.094339623,834.905660377,Viga
3.05859375,75.9765625,63.3203125,1000,2.66796875,41.5234375,63.3203125,1000,80,3.30859375,2566.00255167,1003241416.82,6399.54118255,10.9157184494,235.074087295,1251.1974191,121.5234,1,0,1000,Cartela
2.55859375,90.9765625,78.3203125,1000,3.16796875,56.5234375,78.3203125,1000,80,3.80859375,1901.60824169,709552030.947,6632.87849214,13.4430302325,141.456815079,1272.8085336,136.5234,1,0,1000,Cartela
3.55859375,60.9765625,48.3203125,1000,2.16796875,86.5234375,48.3203125,1000,80,2.80859375,2841.13163828,534674280.293,7126.27398547,10.4125845582,272.855564573,1306.0215156,204.545454545,1,204.545454545,795.454545455,Viga
2.30859375,83.4765625,55.8203125,1000,2.41796875,64.0234375,55.8203125,1000,80,2.05859375,1712.90190722,853976167.652,5213.84604048,9.45293985104,181.203089644,1615.0328544,144.0234,1,0,1000,Cartela
3.30859375,53.4765625,85.8203125,1000,3.41796875,94.0234375,85.8203125,1000,80,3.05859375,2564.98770669,960936886.055,5556.8364442,16.5628809336,154.863620464,1260.4357787,200.980392157,1,200.980392157,799.019607843,Viga
2.80859375,68.4765625,40.8203125,1000,2.91796875,79.0234375,40.8203125,1000,80,3.55859375,2405.67376053,875296738.514,5375.18181685,10.1025436365,238.125550069,1352.1178725,192.857142857,1,192.857142857,807.142857143,Viga
3.80859375,98.4765625,70.8203125,1000,3.91796875,49.0234375,70.8203125,1000,80,2.55859375,3682.66907298,951322768.934,8481.44205645,16.8469989864,218.594960203,911.0110448,129.0234,1,0,1000,Cartela
2.18359375,94.7265625,89.5703125,1000,2.79296875,90.2734375,89.5703125,1000,80,2.43359375,2100.21271151,742372063.141,7192.08826732,14.1255173789,148.682179575,1288.5358382,170.2734,1,0,1000,Cartela
3.18359375,64.7265625,59.5703125,1000,3.79296875,60.2734375,59.5703125,1000,80,3.43359375,2702.28776301,1036681259.21,5614.98630727,12.9335427466,208.936392446,1388.7597684,174.242424242,1,174.242424242,825.757575758,Viga
2.68359375,49.7265625,74.5703125,1000,2.29296875,45.2734375,74.5703125,1000,80,3.93359375,1507.02671299,1071844251.8,3420.77327497,9.61823454962,156.684337985,1328.01518,143.939393939,1,143.939393939,856.060606061,Viga
3.68359375,79.7265625,44.5703125,1000,3.29296875,75.2734375,44.5703125,1000,80,2.93359375,4276.02675113,518513310.225,11045.165673,12.8812814553,331.956627604,1812.6884626,155.2734,1,0,1000,Cartela
2.43359375,57.2265625,67.0703125,1000,3.04296875,52.7734375,67.0703125,1000,80,2.18359375,1468.71774138,1145234423.84,3534.28460977,10.237672459,143.462075708,1355.5252512,155.303030303,1,155.303030303,844.696969697,Viga
3.43359375,87.2265625,97.0703125,1000,2.04296875,82.7734375,97.0703125,1000,80,3.18359375,4850.1220281,951706673.939,10543.4280046,15.6366452533,310.176636327,723.2515013,82.7734,1,0,1000,Cartela
2.93359375,72.2265625,52.0703125,1000,3.54296875,97.7734375,52.0703125,1000,80,3.68359375,2839.89981577,1206274637.74,5988.46681258,13.7509017362,206.524624368,1243.1184494,216.101694915,1,216.101694915,783.898305085,Viga
3.93359375,42.2265625,82.0703125,1000,2.54296875,67.7734375,82.0703125,1000,80,2.68359375,2223.80384575,629243069.707,4908.31117975,13.3003035602,167.199480499,1176.5805627,173.728813559,1,173.728813559,826.271186441,Viga
2.12109375,74.1015625,76.4453125,1000,3.48046875,84.6484375,76.4453125,1000,80,2.87109375,1623.22049571,1009868558.38,4983.42328411,13.6337083059,119.059353427,1373.7267368,177.884615385,1,177.884615385,822.115384615,Viga
3.12109375,44.1015625,46.4453125,1000,2.48046875,54.6484375,46.4453125,1000,80,3.87109375,1399.35975947,462450444.841,3391.78675742,8.22897898296,170.052659311,1031.7353132,172.619047619,1,172.619047619,827.380952381,Viga
2.62109375,59.1015625,91.4453125,1000,3.98046875,69.6484375,91.4453125,1000,80,3.37109375,1853.20949376,1135947292.6,4958.14934898,15.9924727389,115.8801096,1294.2642956,163.461538462,1,163.461538462,836.538461538,Viga
3.62109375,89.1015625,61.4453125,1000,2.98046875,99.6484375,61.4453125,1000,80,2.37109375,5412.29818753,1204218294.44,11342.8835197,15.6548282646,345.727087903,1805.5206457,221.153846154,1,221.153846154,778.846153846,Viga
2.37109375,51.6015625,53.9453125,1000,2.73046875,62.1484375,53.9453125,1000,80,2.62109375,1236.13837299,1064534921.36,2719.09924212,8.75254116827,141.231940442,1108.0032878,164.383561644,1,164.383561644,835.616438356,Viga
3.37109375,81.6015625,83.9453125,1000,3.73046875,92.1484375,83.9453125,1000,80,3.62109375,4312.36859937,1185048586.97,9888.02198305,18.7334553426,230.196112811,1197.8917386,196.808510638,1,196.808510638,803.191489362,Viga
2.87109375,96.6015625,68.9453125,1000,2.23046875,77.1484375,68.9453125,1000,80,3.12109375,3021.76375507,861611091.704,8343.98413861,12.5111297195,241.526051028,1322.276985,157.1484,1,0,1000,Cartela
3.87109375,66.6015625,98.9453125,1000,3.23046875,47.1484375,98.9453125,1000,80,2.12109375,4243.35072765,817393336.545,9956.05164755,16.9657486672,250.11278965,1043.827291,127.1484,1,0,1000,Cartela
2.24609375,62.8515625,80.1953125,1000,2.10546875,95.8984375,80.1953125,1000,80,2.99609375,1483.8902651,1137721873.97,4256.53735646,10.9316926768,135.742040046,1310.0196189,200.980392157,1,200.980392157,799.019607843,Viga
3.24609375,92.8515625,50.1953125,1000,3.10546875,65.8984375,50.1953125,1000,80,3.99609375,0,0,9325.86112965,12.6957309339,0,1031.8834742,65.8984,0,0,1000,Cartela
2.74609375,77.8515625,95.1953125,1000,2.60546875,50.8984375,95.1953125,1000,80,3.49609375,2505.26201221,771989924.104,6371.7249167,13.4581351827,186.152240128,905.9010915,130.8984,1,0,1000,Cartela
3.74609375,47.8515625,65.1953125,1000,3.60546875,80.8984375,65.1953125,1000,80,2.49609375,2327.84056568,606853931.659,5286.9643524,14.3396449426,162.335997509,1383.2048635,197.580645161,1,197.580645161,802.419354839,Viga
2.49609375,85.3515625,42.6953125,1000,3.85546875,43.3984375,42.6953125,1000,80,2.74609375,1556.10240657,941419020.351,4877.4263987,9.80906589428,158.639204114,1398.5098471,123.3984,1,0,1000,Cartela
3.49609375,55.3515625,72.6953125,1000,2.85546875,73.3984375,72.6953125,1000,80,3.74609375,2705.6537502,892410207.47,5755.63983226,13.3681515427,202.395502591,1706.3422897,177.966101695,1,177.966101695,822.033898305,Viga
2.99609375,40.3515625,57.6953125,1000,3.35546875,88.3984375,57.6953125,1000,80,3.24609375,1340.57466954,684959393.55,2957.75583993,12.0024251726,111.6919831,1150.4599916,196.96969697,1,196.96969697,803.03030303,Viga
3.99609375,70.3515625,87.6953125,1000,2.35546875,58.3984375,87.6953125,1000,80,2.24609375,4700.90017968,848790348.738,10841.2105569,14.930550832,314.851088387,944.3702536,58.3984,1,0,1000,Cartela
2.001953125,85.17578125,84.47265625,1000,3.408203125,99.35546875,84.47265625,1000,80,3.630859375,1848.68730271,935623552.283,5966.66333906,15.1329322087,122.163191985,1063.1747238,173.913043478,1,0,1000,Cartela
