m1,a1,b1,l1,m2,a2,b2,l2,c,e_cartela,energy,stress,force,mass_kg,energy_per_mass,sim_time_s,y_max_stress_mm,valid_ansys,pivot_height_mm,lever_arm_mm,modo_fallo
3,70,70,1000,3,70,70,1000,95,3,2822.56953167,1125301759.72,6380.61103776,13.0568152005,216.175957792,1257.8028628,181.034482759,1,181.034482759,818.965517241,Viga
2.5,85,55,1000,2.5,85,55,1000,82.5,3.5,2472.30302369,1269003834.39,6101.92868646,10.96080863,225.558451675,1817.3918076,206.896551724,1,206.896551724,793.103448276,Viga
3.5,55,85,1000,3.5,55,85,1000,107.5,2.5,2834.48059365,1000321210.59,5923.3098582,15.0970930436,187.750091058,1110.0367805,185.344827586,1,185.344827586,814.655172414,Viga
2.25,77.5,77.5,1000,3.75,92.5,77.5,1000,88.75,2.25,1985.05790743,1037811786.47,5862.39924995,15.1945253541,130.642969173,1344.8141536,185,1,185,815,Viga
3.25,47.5,47.5,1000,2.75,62.5,47.5,1000,113.75,3.25,1763.22340587,510538783.157,4322.47163149,9.55255324937,184.581374198,1110.2342776,208.860759494,1,208.860759494,791.139240506,Viga
2.75,62.5,92.5,1000,3.25,47.5,92.5,1000,76.25,3.75,2258.37510678,1090865296.63,5188.1794046,13.7312794892,164.469386014,1022.7914374,122.727272727,1,0,1000,Cartela
3.75,92.5,62.5,1000,2.25,77.5,62.5,1000,101.25,2.75,6074.046874,1070165620.52,12891.271575,13.8850990553,437.450741245,2754.8876028,227.272727273,1,227.272727273,772.727272727,Viga
2.125,96.25,51.25,1000,3.375,58.75,51.25,1000,91.875,2.125,0,0,5505.05558358,10.5020239207,0,318.932392,55.0437087571,0,0,1000,Cartela
3.125,66.25,81.25,1000,2.375,88.75,81.25,1000,116.875,3.125,3073.69062582,1259100008.28,6892.00119791,13.7563711595,223.437605033,1176.2969703,225.490196078,1,225.490196078,774.509803922,Viga
2.625,51.25,66.25,1000,3.875,73.75,66.25,1000,79.375,3.625,1523.33525099,1106872619.47,3320.03039557,13.0627707079,116.616549815,1155.4624662,174.603174603,1,174.603174603,825.396825397,Viga
3.625,81.25,96.25,1000,2.875,43.75,96.25,1000,104.375,2.625,4919.87343045,893865142.695,10363.1858356,16.2663095148,302.45787626,968.7013408,148.125,1,0,1000,Cartela
2.375,58.75,73.75,1000,2.625,81.25,73.75,1000,73.125,2.375,1509.17012264,1217469327.39,3954.77478346,11.176935414,135.025395311,1330.1611387,174.107142857,1,174.107142857,825.892857143,Viga
3.375,88.75,43.75,1000,3.625,51.25,43.75,1000,98.125,3.375,0,0,10014.1238184,12.0731936687,0,1146.4474591,51.25,0,0,1000,Cartela
2.875,73.75,88.75,1000,2.125,66.25,88.75,1000,85.625,3.875,2856.42538236,1315994834.72,7316.38332748,12.6546271619,225.721812727,1089.1248453,156.862745098,1,156.862745098,843.137254902,Viga
3.875,43.75,58.75,1000,3.125,96.25,58.75,1000,110.625,2.875,2159.79549805,524096844.451,5174.50689877,13.546029669,159.441220108,1393.1578047,246.031746032,1,246.031746032,753.968253968,Viga
2.0625,71.875,68.125,1000,2.8125,53.125,68.125,1000,118.4375,2.5625,1381.77400421,1058421646.96,4134.38866983,10.0170720479,137.941905339,1540.7546249,193.548387097,1,193.548387097,806.451612903,Viga
3.0625,41.875,98.125,1000,3.8125,83.125,98.125,1000,93.4375,3.5625,1738.75553794,942643789.058,4130.76754325,17.4361850226,99.7210992934,848.3201244,200,1,200,800,Viga
2.5625,56.875,53.125,1000,2.3125,98.125,53.125,1000,105.9375,3.0625,1708.868678,1134530008.32,3655.24187777,10.0037998742,170.821957606,1438.1626153,229.838709677,1,229.838709677,770.161290323,Viga
3.5625,86.875,83.125,1000,3.3125,68.125,83.125,1000,80.9375,2.0625,4062.11245457,770414748.842,8733.56760765,16.8913184897,240.485220681,782.2674387,149.0625,1,0,1000,Cartela
2.3125,49.375,90.625,1000,3.0625,90.625,90.625,1000,99.6875,2.8125,1304.68144598,1065487905.41,3666.26905898,13.8366668762,94.2915991007,983.7832781,210,1,210,790,Viga
3.3125,79.375,60.625,1000,2.0625,60.625,60.625,1000,74.6875,3.8125,3866.43395827,939912598.689,8555.28505002,11.0875767835,348.717671478,1420.2905354,5.53740186251,1,0,1000,Cartela
2.8125,94.375,75.625,1000,3.5625,45.625,75.625,1000,112.1875,3.3125,2916.66163834,877042408.558,8952.19637713,14.280610732,204.239278912,1564.9999064,157.8125,1,0,1000,Cartela
3.8125,64.375,45.625,1000,2.5625,75.625,45.625,1000,87.1875,2.3125,3193.36691158,528568028.804,8338.32304441,11.0397543715,289.260684985,1080.2153904,162.8125,1,0,1000,Cartela
2.1875,68.125,56.875,1000,3.6875,64.375,56.875,1000,96.5625,2.6875,1465.66982128,1202188711.98,3731.26390121,11.0959358228,132.090690202,1248.6638063,180.769230769,1,180.769230769,819.230769231,Viga
3.1875,98.125,86.875,1000,2.6875,94.375,86.875,1000,71.5625,3.6875,4162.38897321,792055735.255,10976.6192606,16.7626385147,248.313472224,866.6121993,165.9375,1,0,1000,Cartela
2.6875,83.125,41.875,1000,3.1875,79.375,41.875,1000,109.0625,3.1875,2927.191135,1267621037.09,6464.01319408,11.255437884,260.069058632,2010.7244075,226.923076923,1,226.923076923,773.076923077,Viga
3.6875,53.125,71.875,1000,2.1875,49.375,71.875,1000,84.0625,2.1875,2657.51309348,739278287.499,5743.56328028,11.0917512055,239.593644344,1266.6912833,165.384615385,1,165.384615385,834.615384615,Viga
2.4375,90.625,94.375,1000,2.4375,71.875,94.375,1000,115.3125,2.9375,2560.75208428,1105714897.21,8789.93989891,13.7302897364,186.503863607,1056.0826447,239.130434783,1,239.130434783,760.869565217,Viga
3.4375,60.625,64.375,1000,3.4375,41.875,64.375,1000,90.3125,3.9375,2814.39149879,861168896.376,5912.22988585,12.2444491547,229.850396962,839.2693127,171.428571429,1,171.428571429,828.571428571,Viga
2.9375,45.625,79.375,1000,2.9375,56.875,79.375,1000,102.8125,3.4375,1660.33698808,1001918060.86,3688.05763782,12.1032915795,137.180615469,962.7074523,177.419354839,1,177.419354839,822.580645161,Viga
3.9375,75.625,49.375,1000,3.9375,86.875,49.375,1000,77.8125,2.4375,4465.09034975,561464671.77,11451.4719865,15.3963223192,290.010189263,1682.2799356,164.6875,1,0,1000,Cartela
2.03125,87.8125,87.8125,1000,3.90625,80.3125,87.8125,1000,106.71875,3.84375,1775.88717196,891423935.074,6716.40740482,16.0461879877,110.673461717,1303.0063912,244.680851064,1,244.680851064,755.319148936,Viga
3.03125,57.8125,57.8125,1000,2.90625,50.3125,57.8125,1000,81.71875,2.84375,2128.5294395,909349539.485,4422.68433201,10.1805475197,209.078090877,857.6312347,166.666666667,1,166.666666667,833.333333333,Viga
2.53125,42.8125,72.8125,1000,3.40625,65.3125,72.8125,1000,119.21875,2.34375,1224.38902649,1025534245.63,2820.64921623,11.9033620283,102.860773585,1441.4197473,203.125,1,203.125,796.875,Viga
3.53125,72.8125,42.8125,1000,2.40625,95.3125,42.8125,1000,94.21875,3.34375,3692.62375642,537921959.289,9620.33094559,11.4376426103,322.848324802,1649.1555344,222.65625,1,222.65625,777.34375,Viga
2.28125,65.3125,65.3125,1000,2.15625,57.8125,65.3125,1000,112.96875,3.59375,1556.95014337,1267888212.31,4031.87667779,9.19139784472,169.392095705,1435.6469892,183.59375,1,183.59375,816.40625,Viga
3.28125,95.3125,95.3125,1000,3.15625,87.8125,95.3125,1000,87.96875,2.59375,4727.39170775,782290325.255,11140.4185191,18.6424345008,253.582315526,998.839722,175.7813,1,0,1000,Cartela
2.78125,80.3125,50.3125,1000,2.65625,72.8125,50.3125,1000,100.46875,2.09375,2906.34322199,1260658132.78,6419.87161833,10.657304553,272.709033277,1850.9214077,207.03125,1,207.03125,792.96875,Viga
3.78125,50.3125,80.3125,1000,3.65625,42.8125,80.3125,1000,75.46875,3.09375,2653.08314342,696383436.521,5861.38556601,14.3000040345,185.530237406,1185.6476911,140.625,1,140.625,859.375,Viga
2.15625,54.0625,99.0625,1000,2.53125,99.0625,99.0625,1000,109.84375,3.96875,79.1351014338,285265294.41,4308.5999323,13.5652720387,5.83365384846,328.0146167,208.9063,1,0,1000,Cartela
3.15625,84.0625,69.0625,1000,3.53125,69.0625,69.0625,1000,84.84375,2.96875,3849.74256677,1290277395.29,8770.47197986,14.9018787075,258.339410911,1573.9155555,200,1,200,800,Viga
2.65625,99.0625,84.0625,1000,2.03125,54.0625,84.0625,1000,97.34375,2.46875,2395.62369369,776074294.375,7344.79599138,12.0983535785,198.012372357,1312.0608432,151.4063,1,0,1000,Cartela
3.65625,69.0625,54.0625,1000,3.03125,84.0625,54.0625,1000,72.34375,3.46875,3652.85990041,736611056.063,8514.89100742,13.2258769016,276.190374944,1423.5314442,197.580645161,1,197.580645161,802.419354839,Viga
2.40625,76.5625,61.5625,1000,3.28125,46.5625,61.5625,1000,103.59375,3.71875,1989.65341162,1157093364.35,5263.54197938,10.8447536921,183.466906498,1432.5510937,176.923076923,1,176.923076923,823.076923077,Viga
3.40625,46.5625,91.5625,1000,2.28125,76.5625,91.5625,1000,78.59375,2.71875,2223.09355981,880964784.281,4857.69035531,13.2292537237,168.04376167,1035.1287538,179.245283019,1,179.245283019,820.754716981,Viga
2.90625,61.5625,46.5625,1000,3.78125,91.5625,46.5625,1000,116.09375,2.21875,2338.16866708,985033421.241,5056.60845787,12.7869819228,182.855397872,1667.2674804,242.307692308,1,242.307692308,757.692307692,Viga
3.90625,91.5625,76.5625,1000,2.78125,61.5625,76.5625,1000,91.09375,3.21875,5579.8457546,892091144.176,11782.3133781,16.0787628464,347.032032743,857.6854899,152.6563,1,0,1000,Cartela
2.09375,55.9375,82.1875,1000,3.21875,74.6875,82.1875,1000,83.28125,3.28125,1138.33040868,1012556041.41,3391.45304891,12.4332313831,91.5554752908,1062.3740683,177.272727273,1,177.272727273,822.727272727,Viga
3.09375,85.9375,52.1875,1000,2.21875,44.6875,52.1875,1000,108.28125,2.28125,0,0,8091.93603102,9.98169254113,0,983.9814054,42.4687,0,0,1000,Cartela
2.59375,70.9375,97.1875,1000,3.71875,59.6875,97.1875,1000,70.78125,2.78125,2462.60630245,743304945.218,5747.22389629,15.6819462495,157.034481771,1122.4489519,130.4687,1,0,1000,Cartela
3.59375,40.9375,67.1875,1000,2.71875,89.6875,67.1875,1000,95.78125,3.78125,1854.09916023,605561245.116,4190.85187851,12.7017302773,145.972172275,1023.0429501,217.213114754,1,217.213114754,782.786885246,Viga
2.34375,93.4375,44.6875,1000,2.96875,67.1875,44.6875,1000,77.03125,3.03125,0,0,6004.67583661,10.1049759192,0,580.776362,5.93760333971,0,0,1000,Cartela
3.34375,63.4375,74.6875,1000,3.96875,97.1875,74.6875,1000,102.03125,2.03125,3182.73046345,1111276234.65,6719.22149962,17.4529516341,182.360584627,1044.3111711,225.961538462,1,225.961538462,774.038461538,Viga
2.84375,48.4375,59.6875,1000,2.46875,82.1875,59.6875,1000,89.53125,2.53125,1615.528275,983459477.927,3340.9104822,10.1907448218,158.528969496,1074.3434629,199.21875,1,199.21875,800.78125,Viga
3.84375,78.4375,89.6875,1000,3.46875,52.1875,89.6875,1000,114.53125,3.53125,5258.57667845,1190870602.56,11215.9906685,17.7970296697,295.474962736,1273.0922411,182.692307692,1,182.692307692,817.307692308,Viga
2.21875,82.1875,70.9375,1000,2.34375,85.9375,70.9375,1000,80.15625,3.40625,1875.31552582,1073176992.24,5484.25178088,11.1665004883,167.941203046,1032.1148759,182.692307692,1,182.692307692,817.307692308,Viga
3.21875,52.1875,40.9375,1000,3.34375,55.9375,40.9375,1000,105.15625,2.40625,1830.43128735,421289503.086,4734.10908938,9.43925003505,193.917025246,830.4003588,161.0937,1,0,1000,Cartela
2.71875,67.1875,85.9375,1000,2.84375,40.9375,85.9375,1000,92.65625,2.90625,2336.70034225,1211982620.23,5616.49239952,12.1675553197,192.043535521,1333.5565436,137.931034483,1,137.931034483,862.068965517,Viga
3.71875,97.1875,55.9375,1000,3.84375,70.9375,55.9375,1000,117.65625,3.90625,6361.69979284,1177096062.16,13460.6309039,16.4085414563,387.706598408,1724.5777432,224.137931034,1,224.137931034,775.862068966,Viga
2.46875,44.6875,48.4375,1000,3.59375,48.4375,48.4375,1000,86.40625,3.15625,1085.445966,853699555.526,2265.18307793,8.81018695595,123.203511053,869.8261348,164.705882353,1,164.705882353,835.294117647,Viga
3.46875,74.6875,78.4375,1000,2.59375,78.4375,78.4375,1000,111.40625,2.15625,4105.75554774,1135803038.05,8976.61045085,14.5577536509,282.032217757,1532.2391366,225.961538462,1,225.961538462,774.038461538,Viga
2.96875,89.6875,63.4375,1000,3.09375,93.4375,63.4375,1000,73.90625,2.65625,3684.59959109,1191370858.99,8719.13975264,14.4318601348,255.310095628,1800.2311699,201.923076923,1,201.923076923,798.076923077,Viga
3.96875,59.6875,93.4375,1000,2.09375,63.4375,93.4375,1000,98.90625,3.65625,3910.65459594,959943436.988,8271.36721385,14.7217690707,265.637545131,1170.7447026,187.5,1,187.5,812.5,Viga
2.015625,79.84375,98.59375,1000,3.046875,62.96875,98.59375,1000,112.578125,2.390625,1618.25249771,963697982.898,5959.64699473,13.4885475858,119.972331151,1414.7849397,192.708333333,1,192.708333333,807.291666667,Viga
3.015625,49.84375,68.59375,1000,2.046875,92.96875,68.59375,1000,87.578125,3.390625,1934.56731081,951840867.585,4004.90138973,10.8126069969,178.917749564,1107.3464766,202.586206897,1,202.586206897,797.413793103,Viga
2.515625,64.84375,83.59375,1000,3.546875,77.96875,83.59375,1000,100.078125,3.890625,1925.88045107,1151170352.41,5286.66633366,14.9328528061,128.969358774,1393.7393466,201.923076923,1,201.923076923,798.076923077,Viga
3.515625,94.84375,53.59375,1000,2.546875,47.96875,53.59375,1000,75.078125,2.890625,2843.60412043,996180728.044,7070.15126848,11.9193742985,238.569915603,1309.361881,123.0469,1,0,1000,Cartela
2.265625,42.34375,61.09375,1000,2.796875,70.46875,61.09375,1000,106.328125,2.140625,967.596502327,970281808.778,2164.2218012,9.39389827124,103.002659214,1032.1797208,195.652173913,1,195.652173913,804.347826087,Viga
3.265625,72.34375,91.09375,1000,3.796875,40.46875,91.09375,1000,81.328125,3.140625,3387.22899481,874180794.626,7338.91127453,15.8558910462,213.625899985,806.6183909,121.7969,1,0,1000,Cartela
2.765625,87.34375,46.09375,1000,2.296875,55.46875,46.09375,1000,118.828125,3.640625,3237.54977118,1146574922.73,7198.67698936,9.67541455615,334.616129613,1890.4788401,217.391304348,1,217.391304348,782.608695652,Viga
3.765625,57.34375,76.09375,1000,3.296875,85.46875,76.09375,1000,93.828125,2.640625,3291.60802233,882736091.112,7028.25012882,15.8567572078,207.58393278,1360.4368137,209.090909091,1,209.090909091,790.909090909,Viga
2.140625,61.09375,87.34375,1000,2.421875,51.71875,87.34375,1000,103.203125,2.265625,1293.79419005,1086036445.37,4121.14194469,10.3643844916,124.83077901,1619.6117984,174.107142857,1,174.107142857,825.892857143,Viga
3.140625,91.09375,57.34375,1000,3.421875,81.71875,57.34375,1000,78.203125,3.265625,4207.53216619,1226723591.17,9294.46117937,14.4320186325,291.541486561,1562.3702802,200.892857143,1,200.892857143,799.107142857,Viga
2.640625,76.09375,72.34375,1000,2.921875,96.71875,72.34375,1000,115.703125,3.765625,2632.79480623,1171457124.02,6744.74367046,14.1680088867,185.82673312,1493.1398557,225.490196078,1,225.490196078,774.509803922,Viga
3.640625,46.09375,42.34375,1000,3.921875,66.71875,42.34375,1000,90.703125,2.765625,1700.83619107,396238944.781,4424.79745668,11.1676481975,152.300301817,887.8095481,157.4219,1,0,1000,Cartela
2.390625,98.59375,64.84375,1000,3.671875,89.21875,64.84375,1000,109.453125,2.015625,2715.28278983,1090246306.64,8127.63089525,14.7612913806,183.946154833,2074.6930187,235.294117647,1,235.294117647,764.705882353,Viga
3.390625,68.59375,94.84375,1000,2.671875,59.21875,94.84375,1000,84.453125,3.015625,3712.57774712,1078951614.73,7943.02460855,15.0147718111,247.26168295,1134.6803103,147.058823529,1,147.058823529,852.941176471,Viga
2.890625,53.59375,49.84375,1000,3.171875,44.21875,49.84375,1000,96.953125,3.515625,1777.00745776,789634095.09,3856.69595297,9.24819746298,192.146357696,941.8021064,176.829268293,1,176.829268293,823.170731707,Viga
3.890625,83.59375,79.84375,1000,2.171875,74.21875,79.84375,1000,71.953125,2.515625,4560.30340076,890750530.354,9738.02616994,14.8757846059,306.558848598,803.5390676,10.6026857143,1,0,1000,Cartela
2.078125,47.96875,70.46875,1000,3.859375,61.09375,70.46875,1000,76.640625,2.953125,918.102876446,1107726225.34,2498.07959302,11.5458040121,79.5183146609,1264.6009036,152.34375,1,152.34375,847.65625,Viga
3.078125,77.96875,40.46875,1000,2.859375,91.09375,40.46875,1000,101.640625,3.953125,3444.5781624,907908806.565,7851.70937044,11.5766805542,297.544546234,2164.7999487,226.5625,1,226.5625,773.4375,Viga
2.578125,92.96875,85.46875,1000,3.359375,76.09375,85.46875,1000,89.140625,3.453125,2884.76288059,1077648361.99,8535.69495493,15.688084374,183.882417497,1237.3669043,182.291666667,1,182.291666667,817.708333333,Viga
3.578125,62.96875,55.46875,1000,2.359375,46.09375,55.46875,1000,114.140625,2.453125,3132.14258377,731680271.252,7219.21023745,10.2620070457,305.217348791,1204.3435264,198.630136986,1,198.630136986,801.369863014,Viga
2.328125,70.46875,47.96875,1000,2.109375,83.59375,47.96875,1000,82.890625,2.703125,1770.80902041,1179075163.7,4100.27911825,8.64127603647,204.924482557,1451.0849172,199.21875,1,199.21875,800.78125,Viga
3.328125,40.46875,77.96875,1000,3.109375,53.59375,77.96875,1000,107.890625,3.703125,1704.24448411,759874258.278,3654.7759835,12.6438916104,134.787970083,969.1975604,183.59375,1,183.59375,816.40625,Viga
2.828125,55.46875,62.96875,1000,2.609375,68.59375,62.96875,1000,70.390625,3.203125,1849.43722133,1036703685.07,3935.16980286,10.4658260804,176.712015576,1312.5093769,164.0625,1,164.0625,835.9375,Viga
3.828125,85.46875,92.96875,1000,3.609375,98.59375,92.96875,1000,95.390625,2.203125,5957.53823478,1212978723.71,13429.4801962,21.0847475402,282.552030724,1318.7696479,232.954545455,1,232.954545455,767.045454545,Viga
2.203125,89.21875,81.71875,1000,2.734375,42.34375,81.71875,1000,86.015625,2.828125,1279.18552977,701351146.899,4983.37959772,11.2362840112,113.844179134,1219.2739449,128.3594,1,0,1000,Cartela
3.203125,59.21875,51.71875,1000,3.734375,72.34375,51.71875,1000,111.015625,3.828125,2524.17397527,813296108.733,5642.41017601,12.7070121658,198.644177115,1409.0213128,217.391304348,1,217.391304348,782.608695652,Viga
2.703125,44.21875,96.71875,1000,2.234375,87.34375,96.71875,1000,73.515625,3.328125,1480.41715604,1023971213.58,3783.25122917,12.4558409582,118.853248127,833.6432357,185,1,185,815,Viga
3.703125,74.21875,66.71875,1000,3.234375,57.34375,66.71875,1000,98.515625,2.328125,4308.28732353,1035768439.88,9024.3756697,14.082009965,305.942641303,1616.8156447,196.721311475,1,196.721311475,803.278688525,Viga
2.453125,66.71875,44.21875,1000,3.484375,94.84375,44.21875,1000,79.765625,2.578125,1871.11107962,1178979485.88,4045.88978334,11.5395762504,162.147295448,1873.0973033,207.03125,1,207.03125,792.96875,Viga
3.453125,96.71875,74.21875,1000,2.484375,64.84375,74.21875,1000,104.765625,3.578125,5089.39738089,992477354.023,12497.6255062,14.7402394147,345.272368902,1119.9555713,169.6094,1,0,1000,Cartela
2.953125,81.71875,59.21875,1000,3.984375,49.84375,59.21875,1000,92.265625,3.078125,3231.4807545,1207613545.22,7216.37342427,12.9768905932,249.018108867,1568.8987001,187.5,1,187.5,812.5,Viga
3.953125,51.71875,89.21875,1000,2.984375,79.84375,89.21875,1000,117.265625,2.078125,3305.29455165,846650471.982,7120.85648404,16.3638819097,201.987191663,1104.7515524,221.153846154,1,221.153846154,778.846153846,Viga
2.046875,63.90625,52.65625,1000,2.890625,88.28125,52.65625,1000,89.921875,3.734375,1266.33182217,1253906966.37,3181.66757621,10.1813834509,124.377185898,1240.5592758,202.380952381,1,202.380952381,797.619047619,Viga
3.046875,93.90625,82.65625,1000,3.890625,58.28125,82.65625,1000,114.921875,2.734375,4349.46635507,1175267716.73,10783.7540281,16.8599381512,257.976412254,1867.272563,161.764705882,1,0,1000,Cartela
2.546875,78.90625,67.65625,1000,2.390625,43.28125,67.65625,1000,77.421875,2.234375,1678.63300047,877420787.043,4510.74420911,9.87617911289,169.967857132,1520.8477707,120.7031,1,0,1000,Cartela
3.546875,48.90625,97.65625,1000,3.390625,73.28125,97.65625,1000,102.421875,3.234375,2623.02715926,917720246.508,5748.9718147,17.1304200221,153.121006717,1047.7687775,200.980392157,1,200.980392157,799.019607843,Viga
2.296875,86.40625,75.15625,1000,3.140625,50.78125,75.15625,1000,71.171875,3.984375,1288.96991394,662669017.193,4842.75651335,11.9554728632,107.814214351,1152.9329233,121.9531,1,0,1000,Cartela
3.296875,56.40625,45.15625,1000,2.140625,80.78125,45.15625,1000,96.171875,2.984375,2292.94231012,516322230.201,5787.2609222,9.36481644178,244.846476637,1282.5305788,211.267605634,1,211.267605634,788.732394366,Viga
2.796875,41.40625,90.15625,1000,3.640625,95.78125,90.15625,1000,83.671875,2.484375,1456.26843949,923954352.013,3416.81765288,16.0875698049,90.5213439411,851.993209,200.980392157,1,200.980392157,799.019607843,Viga
3.796875,71.40625,60.15625,1000,2.640625,65.78125,60.15625,1000,108.671875,3.484375,4239.51113672,884385608.219,9423.21307189,12.967927516,326.922797146,1358.1273226,214.285714286,1,214.285714286,785.714285714,Viga
2.171875,75.15625,41.40625,1000,3.515625,77.03125,41.40625,1000,74.296875,3.609375,1656.12380545,1126780312.42,3933.86850411,10.2552521424,161.490305889,1198.5272634,181.15942029,1,181.15942029,818.84057971,Viga
3.171875,45.15625,71.40625,1000,2.515625,47.03125,71.40625,1000,99.296875,2.609375,1769.71782161,821510503.999,3737.94268084,10.3750920542,170.573698273,1096.0144473,173.913043478,1,173.913043478,826.086956522,Viga
2.671875,60.15625,56.40625,1000,3.015625,62.03125,56.40625,1000,86.796875,2.109375,1851.38545131,1131509323.92,3980.45352324,10.2267518345,181.033575593,981.3775271,181.15942029,1,181.15942029,818.84057971,Viga
3.671875,90.15625,86.40625,1000,2.015625,92.03125,86.40625,1000,111.796875,3.109375,5820.34396444,1195658821.56,12786.9071645,15.9128529443,365.763699622,1472.4275672,217.391304348,1,217.391304348,782.608695652,Viga
2.421875,52.65625,78.90625,1000,2.265625,69.53125,78.90625,1000,93.046875,3.859375,1408.89607204,1129313169.46,3671.34409265,10.5139256232,134.002857024,1020.7678003,185.344827586,1,185.344827586,814.655172414,Viga
3.421875,82.65625,48.90625,1000,3.265625,99.53125,48.90625,1000,118.046875,2.859375,4621.81142788,1026326476.93,10015.4943506,14.4719354065,319.363740788,1593.2205554,258.620689655,1,258.620689655,741.379310345,Viga
2.921875,97.65625,93.90625,1000,2.765625,84.53125,93.90625,1000,80.546875,2.359375,3408.78997111,736251797.473,8720.68385022,16.345479798,208.546339002,846.1599544,165.0781,1,0,1000,Cartela
3.921875,67.65625,63.90625,1000,3.765625,54.53125,63.90625,1000,105.546875,3.359375,4072.78075121,805960555.151,9079.73836183,14.7199298895,276.684792779,1351.8022781,203.125,1,203.125,796.875,Viga
2.109375,95.78125,58.28125,1000,2.203125,97.65625,58.28125,1000,100.859375,3.171875,2062.6355088,917355459.568,6556.66923342,10.664002163,193.420394828,2069.1511918,218.803506704,1,218.803506704,781.196493296,Viga
3.109375,65.78125,88.28125,1000,3.203125,67.65625,88.28125,1000,75.859375,2.171875,3036.05561316,1114621194.51,6839.80074274,14.9966791505,202.448527617,1168.5188069,149.038461538,1,149.038461538,850.961538462,Viga
2.609375,50.78125,43.28125,1000,2.703125,52.65625,43.28125,1000,113.359375,2.671875,1432.44209198,770906725.703,3155.26786946,7.89679272917,181.395427373,834.0926476,194.117647059,1,194.117647059,805.882352941,Viga
3.609375,80.78125,73.28125,1000,3.703125,82.65625,73.28125,1000,88.359375,3.671875,4696.24811374,1142357165.82,10007.7594347,17.4456706279,269.192753543,1099.1306918,211.538461538,1,211.538461538,788.461538462,Viga
2.359375,58.28125,95.78125,1000,3.953125,45.15625,95.78125,1000,119.609375,3.421875,1494.35918118,1082721024.69,4567.64209018,14.6079829634,102.297434555,1352.1116158,190.909090909,1,190.909090909,809.090909091,Viga
3.359375,88.28125,65.78125,1000,2.953125,75.15625,65.78125,1000,94.609375,2.421875,4664.58281734,1243932333.02,10152.4040121,14.3693292965,324.62077534,2051.2568592,204.545454545,1,204.545454545,795.454545455,Viga
2.859375,73.28125,80.78125,1000,3.453125,90.15625,80.78125,1000,107.109375,2.921875,2888.73791384,1150045888.41,7178.8574523,16.0960670434,179.468556266,1246.8563304,210,1,210,790,Viga
3.859375,43.28125,50.78125,1000,2.453125,60.15625,50.78125,1000,82.109375,3.921875,1775.37119571,402572868.565,4396.6178109,9.70453804363,182.942370644,900.2332918,177.215189873,1,177.215189873,822.784810127,Viga
2.234375,47.03125,69.53125,1000,3.328125,78.90625,69.53125,1000,116.484375,3.046875,1115.90494475,1093804951.01,2793.97507328,11.9389844345,93.4673255393,1273.8396769,209.016393443,1,209.016393443,790.983606557,Viga
3.234375,77.03125,99.53125,1000,2.328125,48.90625,99.53125,1000,91.484375,2.046875,3569.86975858,769440363.291,7512.16796972,14.2341314251,250.796459016,933.4388376,140.3906,1,0,1000,Cartela
2.734375,92.03125,54.53125,1000,3.828125,63.90625,54.53125,1000,103.984375,2.546875,3229.81296458,1336375753.3,7774.18194107,13.0917486275,246.706002115,1963.7981984,209.016393443,1,209.016393443,790.983606557,Viga
3.734375,62.03125,84.53125,1000,2.828125,93.90625,84.53125,1000,78.984375,3.546875,3700.94409809,995292947.27,7687.48602065,16.2633577308,227.563345734,1150.419573,200,1,200,800,Viga
2.484375,84.53125,92.03125,1000,2.578125,56.40625,92.03125,1000,97.734375,3.296875,2539.42243719,1000736587.75,7271.86934651,13.0689187109,194.310064464,1243.8770671,155,1,155,845,Viga
3.484375,54.53125,62.03125,1000,3.578125,86.40625,62.03125,1000,72.734375,2.296875,2528.26717652,744553068.877,5536.03308335,14.1423982583,178.772166527,1599.4439199,196.721311475,1,196.721311475,803.278688525,Viga
2.984375,69.53125,77.03125,1000,2.078125,71.40625,77.03125,1000,110.234375,2.796875,2869.98378812,1192156311.33,6712.2528155,11.8253249963,242.698089822,1397.7163444,209.090909091,1,209.090909091,790.909090909,Viga
3.984375,99.53125,47.03125,1000,3.078125,41.40625,47.03125,1000,85.234375,3.796875,3845.76592248,1045781656.74,9342.42769829,13.0315762724,295.111338957,870.4484472,126.6406,1,0,1000,Cartela
2.0078125,99.765625,73.046875,1000,2.6171875,74.453125,73.046875,1000,103.7890625,2.6953125,1879.11455762,994202575.744,7060.70294891,11.6213649857,161.694823279,1569.4453372,195,1,195,805,Viga
3.0078125,69.765625,43.046875,1000,3.6171875,44.453125,43.046875,1000,78.7890625,3.6953125,2608.99541084,721275416.931,6086.15962247,9.92071015019,262.984743163,1005.7871457,162.5,1,162.5,837.5,Viga
2.5078125,54.765625,88.046875,1000,2.1171875,59.453125,88.046875,1000,116.2890625,3.1953125,1608.98243312,1202293377.13,4390.38115614,10.8899628741,147.749120151,1132.3144552,196.428571429,1,196.428571429,803.571428571,Viga
3.5078125,84.765625,58.046875,1000,3.1171875,89.453125,58.046875,1000,91.2890625,2.1953125,4789.16666407,1184437002.03,10033.4182247,14.6649736518,326.571787837,1617.5131095,218.75,1,218.75,781.25,Viga
2.2578125,62.265625,50.546875,1000,3.3671875,66.953125,50.546875,1000,110.0390625,2.9453125,1469.27745024,1240255522.02,3402.36250744,10.1563039172,144.666550176,1150.4164256,207.142857143,1,207.142857143,792.857142857,Viga
3.2578125,92.265625,80.546875,1000,2.3671875,96.953125,80.546875,1000,85.0390625,3.9453125,4577.63753603,1200167910.5,10643.4752126,15.4504805476,296.278003907,1017.930696,206.52173913,1,206.52173913,793.47826087,Viga
2.7578125,77.265625,65.546875,1000,3.8671875,81.953125,65.546875,1000,97.5390625,3.4453125,2737.05156151,1173843218.01,6466.24461669,14.9323254485,183.297073919,1364.3609392,209.821428571,1,209.821428571,790.178571429,Viga
3.7578125,47.265625,95.546875,1000,2.8671875,51.953125,95.546875,1000,72.5390625,2.4453125,2617.77154623,730009522.97,5679.11028513,14.6529139403,178.651943013,1030.1587615,142.857142857,1,142.857142857,857.142857143,Viga
2.1328125,43.515625,84.296875,1000,3.9921875,85.703125,84.296875,1000,113.1640625,2.5703125,971.766607294,1149307527.25,2741.01704815,14.8222897434,65.5611666024,1147.3334046,222.222222222,1,222.222222222,777.777777778,Viga
3.1328125,73.515625,54.296875,1000,2.9921875,55.703125,54.296875,1000,88.1640625,3.5703125,3106.12653394,1121436459.22,6531.86591924,11.2722654169,275.554772627,1274.3769973,176.470588235,1,176.470588235,823.529411765,Viga
2.6328125,88.515625,99.296875,1000,3.4921875,40.703125,99.296875,1000,100.6640625,3.0703125,2274.11156126,799934608.772,7063.47760319,15.4234201819,147.445348336,1126.5585768,141.3672,1,0,1000,Cartela
3.6328125,58.515625,69.296875,1000,2.4921875,70.703125,69.296875,1000,75.6640625,2.0703125,2994.53153861,841451956.282,6385.67925734,12.3717682812,242.045556508,1334.6328975,179.166666667,1,179.166666667,820.833333333,Viga
2.3828125,81.015625,46.796875,1000,2.2421875,48.203125,46.796875,1000,106.9140625,2.8203125,2139.10164718,1350000061.47,5096.32338236,8.19927588524,260.889092783,1226.1010926,187.5,1,187.5,812.5,Viga
3.3828125,51.015625,76.796875,1000,3.2421875,78.203125,76.796875,1000,81.9140625,3.8203125,2371.1457056,921470448.159,5017.82228786,14.4566426245,164.017729925,1180.7532655,184.210526316,1,184.210526316,815.789473684,Viga
2.8828125,66.015625,61.796875,1000,2.7421875,93.203125,61.796875,1000,119.4140625,3.3203125,2575.12799395,1142473083.38,5566.34859318,12.6045443855,204.30155309,1235.3736802,236.842105263,1,236.842105263,763.157894737,Viga
3.8828125,96.015625,91.796875,1000,3.7421875,63.203125,91.796875,1000,94.4140625,2.3203125,5254.88927127,789967274.831,11065.6309568,20.0281823089,262.374747255,795.1458594,157.6172,1,0,1000,Cartela
2.0703125,67.890625,97.421875,1000,2.3046875,80.078125,97.421875,1000,86.6015625,2.1328125,1393.71772635,991594808.138,4622.8716546,11.8198517674,117.913299911,1066.3363741,180.85106383,1,180.85106383,819.14893617,Viga
3.0703125,97.890625,67.421875,1000,3.3046875,50.078125,67.421875,1000,111.6015625,3.1328125,3617.07240535,955867261.265,10223.299789,13.9940889788,258.471445395,1593.5525705,161.6797,1,0,1000,Cartela
2.5703125,82.890625,82.421875,1000,2.8046875,65.078125,82.421875,1000,74.1015625,3.6328125,2227.26160872,760569423.03,6584.30720604,13.1144202266,169.833021227,921.6939427,139.1797,1,0,1000,Cartela
3.5703125,52.890625,52.421875,1000,3.8046875,95.078125,52.421875,1000,99.1015625,2.6328125,2470.71136069,579502716.656,6011.60056481,14.2139162943,173.823407253,1310.4067932,230.46875,1,230.46875,769.53125,Viga
2.3203125,90.390625,59.921875,1000,3.5546875,57.578125,59.921875,1000,80.3515625,2.3828125,1489.84647341,797850401.415,5248.28890102,11.7155373254,127.168428732,1687.3829773,137.9297,1,0,1000,Cartela
3.3203125,60.390625,89.921875,1000,2.5546875,87.578125,89.921875,1000,105.3515625,3.3828125,3080.81060806,1330171203.09,6814.38802225,15.0543104116,204.646411813,915.8697014,209.183673469,1,209.183673469,790.816326531,Viga
2.8203125,45.390625,44.921875,1000,3.0546875,72.578125,44.921875,1000,92.8515625,3.8828125,1353.32517996,590364890.267,3188.04788644,9.53389641993,141.948802499,951.9482456,194.805194805,1,194.805194805,805.194805195,Viga
3.8203125,75.390625,74.921875,1000,2.0546875,42.578125,74.921875,1000,117.8515625,2.8828125,4709.91820713,1054424447.71,9754.8085687,12.8120091619,367.617455437,1397.8634934,200,1,200,800,Viga
2.1953125,71.640625,86.171875,1000,3.1796875,98.828125,86.171875,1000,77.2265625,2.0078125,1638.13801704,1177184433.29,5430.15829548,14.4481727431,113.380290101,1126.6714332,223.404255319,1,223.404255319,776.595744681,Viga
3.1953125,41.640625,56.171875,1000,2.1796875,68.828125,56.171875,1000,102.2265625,3.0078125,1506.63077313,578915973.827,3430.42705442,9.15325283328,164.600585231,807.5219391,201.388888889,1,201.388888889,798.611111111,Viga
2.6953125,56.640625,71.171875,1000,3.6796875,53.828125,71.171875,1000,89.7265625,3.5078125,1797.42042197,1118739008.35,4118.52758475,12.4470552604,144.405273727,1271.3830246,164.0625,1,164.0625,835.9375,Viga
3.6953125,86.640625,41.171875,1000,2.6796875,83.828125,41.171875,1000,114.7265625,2.5078125,5127.92244694,652486852.973,13592.5000048,12.4104756678,413.193062392,1922.6226999,198.5547,1,0,1000,Cartela
2.4453125,49.140625,63.671875,1000,2.9296875,46.328125,63.671875,1000,83.4765625,2.2578125,1256.96062769,989528825.007,2832.8103148,9.19006265648,136.77389096,840.3971745,152.777777778,1,152.777777778,847.222222222,Viga
3.4453125,79.140625,93.671875,1000,3.9296875,76.328125,93.671875,1000,108.4765625,3.2578125,4412.75725141,1222492636.24,10225.662908,19.64681788,224.604171442,1313.5799198,207.446808511,1,207.446808511,792.553191489,Viga
2.9453125,94.140625,48.671875,1000,2.4296875,91.328125,48.671875,1000,70.9765625,3.7578125,3944.4628049,1112104160.53,8764.03074912,11.7792678157,334.864854643,2121.9885992,210.526315789,1,210.526315789,789.473684211,Viga
3.9453125,64.140625,78.671875,1000,3.4296875,61.328125,78.671875,1000,95.9765625,2.7578125,4015.58861534,932525177.251,8456.88533688,15.9569410489,251.651529139,1084.5488249,188.596491228,1,188.596491228,811.403508772,Viga
2.0390625,51.953125,55.234375,1000,3.4609375,54.765625,55.234375,1000,73.3203125,3.4140625,949.429897285,1031692878.18,2304.13300185,9.1993702915,103.205965974,912.7223413,141.891891892,1,141.891891892,858.108108108,Viga
3.0390625,81.953125,85.234375,1000,2.4609375,84.765625,85.234375,1000,98.3203125,2.4140625,3604.99389825,1164750127.51,9034.8926352,14.4729189452,249.085475562,1714.6910552,192.708333333,1,192.708333333,807.291666667,Viga
2.5390625,96.953125,40.234375,1000,3.9609375,99.765625,40.234375,1000,85.8203125,2.9140625,3085.64404003,1293830959.34,7341.58876592,13.7600083723,224.247250187,2244.9607781,224.137931034,1,224.137931034,775.862068966,Viga
3.5390625,66.953125,70.234375,1000,2.9609375,69.765625,70.234375,1000,110.8203125,3.9140625,3611.47040936,1039446974.63,7410.11265967,14.1777087461,254.728776986,1473.6767954,211.206896552,1,211.206896552,788.793103448,Viga
2.2890625,74.453125,92.734375,1000,2.7109375,92.265625,92.734375,1000,92.0703125,3.1640625,1891.61582103,1048431526.37,6256.5023638,13.9975104087,135.139447359,1286.5803433,222.826086957,1,222.826086957,777.173913043,Viga
3.2890625,44.453125,62.734375,1000,3.7109375,62.265625,62.734375,1000,117.0703125,2.1640625,1810.15074284,680424022.543,3988.84456483,12.4548672398,145.336815559,925.0388785,210.144927536,1,210.144927536,789.855072464,Viga
2.7890625,59.453125,77.734375,1000,2.2109375,47.265625,77.734375,1000,79.5703125,2.6640625,2074.88256061,1101372562.67,4742.08164539,10.263774629,202.155896403,1401.4462902,141.129032258,1,141.129032258,858.870967742,Viga
3.7890625,89.453125,47.734375,1000,3.2109375,77.265625,47.734375,1000,104.5703125,3.6640625,5686.49820508,796051713.45,13625.3879819,14.2055405398,400.301430921,1651.3521774,221.774193548,1,221.774193548,778.225806452,Viga
2.1640625,85.703125,66.484375,1000,2.0859375,66.015625,66.484375,1000,88.9453125,3.2890625,1810.92729258,1068989917.49,5538.39841066,9.64648523012,187.729234988,1594.1360244,162.280701754,1,162.280701754,837.719298246,Viga
3.1640625,55.703125,96.484375,1000,3.0859375,96.015625,96.484375,1000,113.9453125,2.2890625,2690.28619259,1081935619.83,6376.89279434,16.7857982028,160.271567672,1048.478691,228.723404255,1,228.723404255,771.276595745,Viga
2.6640625,40.703125,51.484375,1000,2.5859375,81.015625,51.484375,1000,76.4453125,2.7890625,1111.73582857,705527396.572,2407.65723811,9.05217216776,122.814260265,982.3954296,187.5,1,187.5,812.5,Viga
3.6640625,70.703125,81.484375,1000,3.5859375,51.015625,81.484375,1000,101.4453125,3.7890625,4107.52839762,1117644047.01,8599.54589453,16.0428580206,256.034703564,1148.0761237,175.438596491,1,175.438596491,824.561403509,Viga
2.4140625,63.203125,88.984375,1000,3.8359375,73.515625,88.984375,1000,70.1953125,3.0390625,1691.66666806,1067978221.18,4846.54754048,15.237729993,111.018286112,1196.2546022,166.666666667,1,166.666666667,833.333333333,Viga
3.4140625,93.203125,58.984375,1000,2.8359375,43.515625,58.984375,1000,95.1953125,2.0390625,3084.55090538,879091718.171,7240.47441335,12.3747666092,249.261339853,1352.843757,138.7109,1,0,1000,Cartela
2.9140625,78.203125,73.984375,1000,3.3359375,58.515625,73.984375,1000,82.6953125,2.5390625,2977.58825526,880502319.105,7032.76483059,13.5949817002,219.021130071,1006.4167765,141.2109,1,0,1000,Cartela
3.9140625,48.203125,43.984375,1000,2.3359375,88.515625,43.984375,1000,107.6953125,3.5390625,2132.43201463,408779921.563,5666.85291171,10.3802526354,205.431610341,1343.9194002,196.2109,1,0,1000,Cartela
2.1015625,83.828125,53.359375,1000,3.6484375,41.640625,53.359375,1000,115.5078125,3.9765625,1704.54957505,896044876.179,4837.62623723,10.1000452395,168.766528727,1615.4530017,181.15942029,1,181.15942029,818.84057971,Viga
3.1015625,53.828125,83.359375,1000,2.6484375,71.640625,83.359375,1000,90.5078125,2.9765625,2273.57218996,1155826424.7,4992.79239652,13.0436596656,174.304777053,1160.4993925,181.818181818,1,181.818181818,818.181818182,Viga
2.6015625,68.828125,68.359375,1000,3.1484375,86.640625,68.359375,1000,103.0078125,2.4765625,2175.42903448,1226657996.68,5415.67534773,13.1411815715,165.542879279,1054.7667324,204.545454545,1,204.545454545,795.454545455,Viga
3.6015625,98.828125,98.359375,1000,2.1484375,56.640625,98.359375,1000,78.0078125,3.4765625,4312.72403313,800506131.361,9527.73389289,16.2880968481,264.77765164,828.8759016,134.6484,1,0,1000,Cartela
2.3515625,46.328125,75.859375,1000,2.3984375,94.140625,75.859375,1000,96.7578125,3.7265625,1234.78341641,1076262142.76,3055.42101465,11.1357810576,110.884311574,1148.2877254,204.545454545,1,204.545454545,795.454545455,Viga
3.3515625,76.328125,45.859375,1000,3.3984375,64.140625,45.859375,1000,71.7578125,2.7265625,3529.34325353,568007276.097,8695.46736451,11.7930143301,299.274057907,1425.5592117,173.913043478,1,173.913043478,826.086956522,Viga
2.8515625,91.328125,90.859375,1000,2.8984375,49.140625,90.859375,1000,109.2578125,2.2265625,3050.22846724,790027233.754,8178.50518215,14.4621586777,210.911008185,1458.9838821,158.3984,1,0,1000,Cartela
3.8515625,61.328125,60.859375,1000,3.8984375,79.140625,60.859375,1000,84.2578125,3.2265625,3417.42881217,687283836.009,7914.7475275,15.3778615271,222.230432116,1654.7071774,205.64516129,1,205.64516129,794.35483871,Viga
2.2265625,57.578125,42.109375,1000,2.7734375,60.390625,42.109375,1000,99.8828125,3.8515625,1301.77006823,948710176.442,2808.76142483,8.03222370381,162.068452802,1042.8784541,193.75,1,193.75,806.25,Viga
3.2265625,87.578125,72.109375,1000,3.7734375,90.390625,72.109375,1000,74.8828125,2.8515625,4256.95630593,1242867178.49,9791.17468572,17.2387454223,246.94118984,1193.3789912,210,1,210,790,Viga
2.7265625,72.578125,57.109375,1000,2.2734375,75.390625,57.109375,1000,112.3828125,2.3515625,2493.68686443,1251017567.48,5648.66926553,10.2858318281,242.439007957,1311.2750279,221.774193548,1,221.774193548,778.225806452,Viga
3.7265625,42.578125,87.109375,1000,3.2734375,45.390625,87.109375,1000,87.3828125,3.3515625,2114.03847016,716051680.254,4537.55314735,14.1087923723,149.838371306,994.2373983,157.258064516,1,157.258064516,842.741935484,Viga
2.4765625,95.078125,79.609375,1000,3.0234375,82.890625,79.609375,1000,118.6328125,3.6015625,2850.60064391,1165926503.18,8890.9234364,14.8016535009,192.586635252,1410.9000492,208.333333333,1,208.333333333,791.666666667,Viga
3.4765625,65.078125,49.609375,1000,2.0234375,52.890625,49.609375,1000,93.6328125,2.6015625,3004.37865947,621355909.405,7268.97982908,9.32122540728,322.315846704,955.2468073,182.432432432,1,182.432432432,817.567567568,Viga
2.9765625,50.078125,94.609375,1000,3.5234375,67.890625,94.609375,1000,106.1328125,2.1015625,2030.76520829,1057450066.22,4907.66060244,15.5027834506,130.993586717,1148.4972119,188.679245283,1,188.679245283,811.320754717,Viga
3.9765625,80.078125,64.609375,1000,2.5234375,97.890625,64.609375,1000,81.1328125,3.1015625,5437.22515238,993709932.993,11729.708123,15.1153263594,359.716027501,1223.7262494,216.981132075,1,216.981132075,783.018867925,Viga
2.0234375,59.921875,67.890625,1000,3.5703125,96.484375,67.890625,1000,93.2421875,2.8359375,1183.49389009,1032935597.22,3413.08333539,13.1381257104,90.0808773019,1359.6173387,213.636363636,1,213.636363636,786.363636364,Viga
3.0234375,89.921875,97.890625,1000,2.5703125,66.484375,97.890625,1000,118.2421875,3.8359375,3954.52565921,1228485296.18,11158.1210706,15.9675476948,247.660175175,1389.9254395,190.217391304,1,190.217391304,809.782608696,Viga
2.5234375,74.921875,52.890625,1000,3.0703125,51.484375,52.890625,1000,80.7421875,3.3359375,2174.28513471,1206186969.69,5006.4221756,9.92779044627,219.009974724,1172.9230487,173.913043478,1,173.913043478,826.086956522,Viga
3.5234375,44.921875,82.890625,1000,2.0703125,81.484375,82.890625,1000,105.7421875,2.3359375,2253.56037577,797762564.638,4858.23982945,12.3209824704,182.904275791,823.0237318,209.090909091,1,209.090909091,790.909090909,Viga
2.2734375,97.421875,90.390625,1000,2.3203125,43.984375,90.390625,1000,74.4921875,2.5859375,1187.81049985,751326789.99,4279.17056502,11.5731878978,102.634685477,1084.8282094,118.4766,1,0,1000,Cartela
3.2734375,67.421875,60.390625,1000,3.3203125,73.984375,60.390625,1000,99.4921875,3.5859375,3113.15062207,1108930472.83,6430.95190802,13.4085929966,232.175786294,1124.3426546,205.64516129,1,205.64516129,794.35483871,Viga
2.7734375,52.421875,75.390625,1000,2.8203125,88.984375,75.390625,1000,86.9921875,3.0859375,1812.57626775,1181943710.91,4100.33876432,12.7602947934,142.048149914,1208.9663234,190.909090909,1,190.909090909,809.090909091,Viga
3.7734375,82.421875,45.390625,1000,3.8203125,58.984375,45.390625,1000,111.9921875,2.0859375,4691.66507709,617557076.608,11843.2378094,13.2499166326,354.090158238,1579.7525062,170.9766,1,0,1000,Cartela
2.1484375,78.671875,56.640625,1000,2.9453125,77.734375,56.640625,1000,71.3671875,2.9609375,1645.48959277,1105069911.57,4606.3468678,10.6116737713,155.064095281,1694.9147503,179.166666667,1,179.166666667,820.833333333,Viga
3.1484375,48.671875,86.640625,1000,3.9453125,47.734375,86.640625,1000,96.3671875,3.9609375,2020.148177,949999633.215,4464.28639872,14.8677152705,135.874822745,1227.1346513,162.5,1,162.5,837.5,Viga
2.6484375,63.671875,41.640625,1000,2.4453125,62.734375,41.640625,1000,83.8671875,3.4609375,1962.35038339,925612157.374,4257.66652799,8.3032379793,236.335558283,1414.1836263,181.818181818,1,181.818181818,818.181818182,Viga
3.6484375,93.671875,71.640625,1000,3.4453125,92.734375,71.640625,1000,108.8671875,2.4609375,5986.46271488,1206571619.62,13018.7407243,18.0116772648,332.365644069,1480.6204118,250,1,250,750,Viga
2.3984375,41.171875,94.140625,1000,3.1953125,55.234375,94.140625,1000,90.1171875,2.7109375,1033.60186758,923568749.27,2991.77970489,12.5156790676,82.5845614929,1013.0993591,188.596491228,1,188.596491228,811.403508772,Viga
3.3984375,71.171875,64.140625,1000,2.1953125,85.234375,64.140625,1000,115.1171875,3.7109375,3703.3019651,1126788232.96,7644.83124951,12.5442244375,295.219683254,1495.5367848,236.842105263,1,236.842105263,763.157894737,Viga
2.8984375,86.171875,79.140625,1000,3.6953125,70.234375,79.140625,1000,77.6171875,3.2109375,3111.04110869,854045974.11,8154.32260809,15.8669507059,196.070509474,1052.1757611,147.8516,1,0,1000,Cartela
3.8984375,56.171875,49.140625,1000,2.6953125,40.234375,49.140625,1000,102.6171875,2.2109375,2640.70063691,481165209.092,6719.38663075,9.82886706062,268.667855677,886.1809583,142.8516,1,0,1000,Cartela
2.0859375,91.796875,43.515625,1000,3.2578125,87.109375,43.515625,1000,97.9296875,2.2734375,1900.62567686,1017852567.67,5160.18039852,10.9212601838,174.029887108,1595.345393,204.918032787,1,204.918032787,795.081967213,Viga
3.0859375,61.796875,73.515625,1000,2.2578125,57.109375,73.515625,1000,72.9296875,3.2734375,2517.04454999,1124450477.69,5392.66972891,11.0584545968,227.612685656,1218.0053754,147.540983607,1,147.540983607,852.459016393,Viga
2.5859375,46.796875,58.515625,1000,3.7578125,42.109375,58.515625,1000,110.4296875,3.7734375,1305.67389648,947312886.038,2756.94259757,10.1907071789,128.123973494,690.4326512,173.076923077,1,173.076923077,826.923076923,Viga
3.5859375,76.796875,88.515625,1000,2.7578125,72.109375,88.515625,1000,85.4296875,2.7734375,4434.89036246,1148905344.42,9881.26426167,16.0106620219,276.996064023,1010.1047589,190,1,190,810,Viga
2.3359375,69.296875,81.015625,1000,2.5078125,49.609375,81.015625,1000,116.6796875,2.0234375,1747.52122965,1184716640.52,5227.39624011,10.7153064861,163.086443857,1679.8250029,179.824561404,1,179.824561404,820.175438596,Viga
3.3359375,99.296875,51.015625,1000,3.5078125,79.609375,51.015625,1000,91.6796875,3.0234375,0,0,11416.4851156,14.6869286304,0,1236.4024317,79.6094,0,0,1000,Cartela
2.8359375,84.296875,96.015625,1000,2.0078125,94.609375,96.015625,1000,104.1796875,3.5234375,3321.30553419,1071109689.05,9778.22814918,14.349481813,231.458221102,1182.1941552,255.681818182,1,255.681818182,744.318181818,Viga
3.8359375,54.296875,66.015625,1000,3.0078125,64.609375,66.015625,1000,79.1796875,2.5234375,2833.74952498,651420827.126,6400.72934261,12.9386137179,219.014925924,1529.2353481,183.59375,1,183.59375,816.40625,Viga
2.2109375,50.546875,54.765625,1000,2.1328125,75.859375,54.765625,1000,119.8046875,2.3984375,1128.3874036,1272394871.69,2561.82982446,8.17810104979,137.976701038,1450.6007003,213.235294118,1,213.235294118,786.764705882,Viga
3.2109375,80.546875,84.765625,1000,3.1328125,45.859375,84.765625,1000,94.8046875,3.3984375,4054.58039941,1121647829.5,8605.99494457,14.6694325033,276.396540799,1172.8151637,136.363636364,1,0,1000,Cartela
2.7109375,95.546875,69.765625,1000,2.6328125,60.859375,69.765625,1000,107.3046875,3.8984375,3299.27650888,1103022718.01,8850.83621112,12.6632099324,260.540299536,1933.8740167,172.727272727,1,172.727272727,827.272727273,Viga
3.7109375,65.546875,99.765625,1000,3.6328125,90.859375,99.765625,1000,82.3046875,2.8984375,4055.10318926,1169877230.74,8959.35106572,20.0751226206,201.996434388,1019.4830325,194.444444444,1,194.444444444,805.555555556,Viga
2.4609375,73.046875,77.265625,1000,3.8828125,68.359375,77.265625,1000,101.0546875,2.1484375,2086.56575828,1048934547.23,5811.90051391,14.379690082,145.105057645,1448.0859261,181.818181818,1,181.818181818,818.181818182,Viga
3.4609375,43.046875,47.265625,1000,2.8828125,98.359375,47.265625,1000,76.0546875,3.1484375,1600.72880691,441824525.465,3985.12589465,11.1297629908,143.824159438,1279.0314994,209.558823529,1,209.558823529,790.441176471,Viga
2.9609375,58.046875,92.265625,1000,3.3828125,83.359375,92.265625,1000,113.5546875,3.6484375,2441.26680742,1226128214.72,5958.00391598,16.4739410433,148.189604479,1221.835359,220,1,220,780,Viga
3.9609375,88.046875,62.265625,1000,2.3828125,53.359375,62.265625,1000,88.5546875,2.6484375,4753.53506193,894199073.746,10275.1539947,13.3271224582,356.68127736,1112.7302348,141.9141,1,0,1000,Cartela
2.0546875,75.859375,83.828125,1000,2.4765625,61.796875,83.828125,1000,109.6484375,3.0546875,1658.09924234,950556215.71,5250.18495452,11.0884541753,149.533849906,1526.3244957,193.396226415,1,193.396226415,806.603773585,Viga
3.0546875,45.859375,53.828125,1000,3.4765625,91.796875,53.828125,1000,84.6484375,2.0546875,1627.49013805,696282336.258,3624.52822895,12.2764701721,132.569876783,1296.6802682,208.333333333,1,208.333333333,791.666666667,Viga
2.5546875,60.859375,98.828125,1000,2.9765625,76.796875,98.828125,1000,97.1484375,2.5546875,1893.91357334,1164258805.74,5524.4702919,14.5907135312,129.802669986,1417.5167535,187.5,1,187.5,812.5,Viga
3.5546875,90.859375,68.828125,1000,3.9765625,46.796875,68.828125,1000,72.1484375,3.5546875,3190.94814277,1036986097.76,7492.02596641,15.5786507336,204.828274113,937.9759536,118.9453,1,0,1000,Cartela
2.3046875,53.359375,46.328125,1000,3.7265625,84.296875,46.328125,1000,103.3984375,3.3046875,1290.24844947,1128411789.01,2758.95606703,11.0998673892,116.239987762,805.5943334,221.428571429,1,221.428571429,778.571428571,Viga
3.3046875,83.359375,76.328125,1000,2.7265625,54.296875,76.328125,1000,78.3984375,2.3046875,3182.61256254,845641394.698,6865.10832428,13.5648826926,234.62145856,859.5841131,132.6953,1,0,1000,Cartela
2.8046875,98.359375,61.328125,1000,3.2265625,69.296875,61.328125,1000,115.8984375,2.8046875,3686.64021508,1197709511.61,9343.93341941,13.5919447175,271.23714021,1617.1404658,223.214285714,1,223.214285714,776.785714286,Viga
3.8046875,68.359375,91.328125,1000,2.2265625,99.296875,91.328125,1000,90.8984375,3.8046875,4504.66782924,1124969220.62,9504.49283691,16.1897435722,278.242074012,1275.8144213,217.391304348,1,217.391304348,782.608695652,Viga
2.1796875,64.609375,72.578125,1000,3.1015625,43.046875,72.578125,1000,106.5234375,3.1796875,1382.77920813,1140440358.49,3979.85835704,10.4300021459,132.577078009,1577.7516936,171.875,1,171.875,828.125,Viga
3.1796875,94.609375,42.578125,1000,2.1015625,73.046875,42.578125,1000,81.5234375,2.1796875,0,0,7567.47183178,10.4051959606,0,582.310471,73.0469,0,0,1000,Cartela
2.6796875,79.609375,87.578125,1000,3.6015625,88.046875,87.578125,1000,119.0234375,2.6796875,2854.01002013,952374222.951,7998.4007137,16.9398485609,168.479075233,1450.964797,223.404255319,1,223.404255319,776.595744681,Viga
3.6796875,49.609375,57.578125,1000,2.6015625,58.046875,57.578125,1000,94.0234375,3.6796875,2262.83526934,538296633.462,5335.57602468,10.7539021695,210.419923268,1339.3619885,187.5,1,187.5,812.5,Viga
2.4296875,87.109375,50.078125,1000,2.8515625,95.546875,50.078125,1000,112.7734375,3.4296875,2532.68418855,1119100011.77,6392.63132987,11.8695742414,213.376161355,1942.766503,241.228070175,1,241.228070175,758.771929825,Viga
3.4296875,57.109375,80.078125,1000,3.8515625,65.546875,80.078125,1000,87.7734375,2.4296875,2809.0552992,996831898.398,5851.68068846,15.6943645839,178.984965219,1031.5785403,175.438596491,1,175.438596491,824.561403509,Viga
2.9296875,42.109375,65.078125,1000,2.3515625,50.546875,65.078125,1000,100.2734375,2.9296875,1411.28147168,791591702.188,2980.16559512,9.19944412099,153.409429214,1016.2061559,173.611111111,1,173.611111111,826.388888889,Viga
3.9296875,72.109375,95.078125,1000,3.3515625,80.546875,95.078125,1000,75.2734375,3.9296875,4971.35947982,1069853989.08,10350.3743823,19.2056501062,258.848799823,859.4039487,170.212765957,1,170.212765957,829.787234043,Viga
2.1171875,43.984375,85.703125,1000,2.6640625,63.671875,85.703125,1000,79.9609375,3.6171875,913.069144449,1119266543.72,2572.61962447,10.6517605459,85.7200216358,895.9990098,163.793103448,1,163.793103448,836.206896552,Viga
3.1171875,73.984375,55.703125,1000,3.6640625,93.671875,55.703125,1000,104.9609375,2.6171875,3331.99489527,1186338471.6,6977.29872112,14.6094512199,228.071187968,1306.2050426,237.068965517,1,237.068965517,762.931034483,Viga
2.6171875,88.984375,70.703125,1000,2.1640625,78.671875,70.703125,1000,92.4609375,2.1171875,2906.58030853,1134489710.78,7830.54970753,11.5703863836,251.208577843,2326.3365852,201.923076923,1,201.923076923,798.076923077,Viga
3.6171875,58.984375,40.703125,1000,3.1640625,48.671875,40.703125,1000,117.4609375,3.1171875,2496.44287486,432379317.389,6609.22502434,9.87894450018,252.703401139,889.8297878,166.1328,1,0,1000,Cartela
2.3671875,81.484375,63.203125,1000,3.4140625,71.171875,63.203125,1000,86.2109375,3.8671875,2058.69331312,1191708925.44,5515.6384552,12.4976003654,164.727087835,1242.6567128,181.034482759,1,181.034482759,818.965517241,Viga
3.3671875,51.484375,93.203125,1000,2.4140625,41.171875,93.203125,1000,111.2109375,2.8671875,2476.8924151,1025264453.25,5505.90334586,12.8111961986,193.338106504,1028.9630712,176.724137931,1,176.724137931,823.275862069,Viga
2.8671875,66.484375,48.203125,1000,3.9140625,56.171875,48.203125,1000,73.7109375,2.3671875,2311.48420701,1022243131.17,4874.97446362,11.0317996999,209.529203747,1046.6455355,168.918918919,1,168.918918919,831.081081081,Viga
3.8671875,96.484375,78.203125,1000,2.9140625,86.171875,78.203125,1000,98.7109375,3.3671875,6831.60548036,1242113200.69,14809.0761284,17.9364160777,380.87907031,1315.5256817,234.375,1,234.375,765.625,Viga
2.2421875,92.734375,96.953125,1000,3.7890625,52.421875,96.953125,1000,83.0859375,3.7421875,1456.63203504,626028403.107,5775.33820729,15.4924007549,94.0223570304,1004.2603929,135.5078,1,0,1000,Cartela
3.2421875,62.734375,66.953125,1000,2.7890625,82.421875,66.953125,1000,108.0859375,2.7421875,2890.29732929,1094401560.49,6013.31885239,13.0398366607,221.651344606,1209.9775495,219.827586207,1,219.827586207,780.172413793,Viga
2.7421875,47.734375,81.953125,1000,3.2890625,97.421875,81.953125,1000,70.5859375,2.2421875,1604.67165851,1121790962.37,3716.73500053,14.5019797695,110.651902983,923.7511507,192.307692308,1,192.307692308,807.692307692,Viga
3.7421875,77.734375,51.953125,1000,2.2890625,67.421875,51.953125,1000,95.5859375,3.2421875,4477.2940625,731331301.355,10715.9169974,11.7166927956,382.129508779,1487.9503804,200,1,200,800,Viga
2.4921875,55.234375,59.453125,1000,2.0390625,89.921875,59.453125,1000,76.8359375,3.9921875,1507.52173235,1071970821.15,3326.69977016,9.33140005818,161.553649287,1001.7410594,196.721311475,1,196.721311475,803.278688525,Viga
3.4921875,85.234375,89.453125,1000,3.0390625,59.921875,89.453125,1000,101.8359375,2.9921875,5200.0279929,1206793820.22,11231.3461139,16.5781866333,313.666874907,1194.9838111,160,1,0,1000,Cartela
2.9921875,70.234375,44.453125,1000,2.5390625,44.921875,44.453125,1000,89.3359375,2.4921875,2665.85355572,829590228.943,6002.38262955,8.73301162835,305.261651898,1277.0499092,170.886075949,1,170.886075949,829.113924051,Viga
3.9921875,40.234375,74.453125,1000,3.5390625,74.921875,74.453125,1000,114.3359375,3.4921875,2139.82829334,589579985.092,4824.28450669,15.2828474171,140.015026974,1077.0995593,217.213114754,1,217.213114754,782.786885246,Viga
2.00390625,70.1171875,60.7421875,1000,3.81640625,91.4453125,60.7421875,1000,87.67578125,3.25390625,1354.31120995,1046537045.78,3803.35141318,13.0409914488,103.850325742,1662.8421256,197.368421053,1,197.368421053,802.631578947,Viga
3.00390625,40.1171875,90.7421875,1000,2.81640625,61.4453125,90.7421875,1000,112.67578125,2.25390625,1542.43888723,926840050.995,3575.23039054,12.8488980084,120.044449432,1264.5211288,197.368421053,1,197.368421053,802.631578947,Viga
2.50390625,55.1171875,45.7421875,1000,3.31640625,46.4453125,45.7421875,1000,75.17578125,2.75390625,1432.98394196,946423159.487,3010.52086174,8.44996486507,169.584603586,908.4218751,156.626506024,1,156.626506024,843.373493976,Viga
3.50390625,85.1171875,75.7421875,1000,2.31640625,76.4453125,75.7421875,1000,100.17578125,3.75390625,4825.68199511,1271788102.43,10670.2525254,14.4416810452,334.149603499,1409.3947277,206.730769231,1,206.730769231,793.269230769,Viga
2.25390625,47.6171875,98.2421875,1000,2.06640625,53.9453125,98.2421875,1000,81.42578125,3.00390625,1137.63660979,1071434688.26,3397.57295583,10.2282709977,111.224723127,1137.8983809,157.407407407,1,157.407407407,842.592592593,Viga
3.25390625,77.6171875,68.2421875,1000,3.06640625,83.9453125,68.2421875,1000,106.42578125,2.00390625,3785.95906801,1245751532.61,8217.89659949,14.49012537,261.278558422,1467.090038,222.222222222,1,222.222222222,777.777777778,Viga
2.75390625,92.6171875,83.2421875,1000,2.56640625,98.9453125,83.2421875,1000,93.92578125,2.50390625,3453.62811715,1140576656.81,9753.54489312,14.8900720595,231.941665785,1530.7864706,194.444444444,1,194.444444444,805.555555556,Viga
3.75390625,62.6171875,53.2421875,1000,3.56640625,68.9453125,53.2421875,1000,118.92578125,3.50390625,3385.81828619,624332531.373,8284.15262068,13.4633565142,251.483965579,1391.5223134,224.264705882,1,224.264705882,775.735294118,Viga
2.12890625,66.3671875,64.4921875,1000,2.69140625,72.6953125,64.4921875,1000,78.30078125,3.37890625,1374.73247489,1081113420.5,3801.88144127,10.1529472396,135.402306586,1258.5861266,166.666666667,1,166.666666667,833.333333333,Viga
3.12890625,96.3671875,94.4921875,1000,3.69140625,42.6953125,94.4921875,1000,103.30078125,2.37890625,3205.33871618,829860577.884,8268.90127828,17.0482098173,188.016146595,1757.0456088,145.9961,1,0,1000,Cartela
2.62890625,81.3671875,49.4921875,1000,2.19140625,57.6953125,49.4921875,1000,90.80078125,2.87890625,2566.05125321,1201204934.14,5843.62201788,9.05099460753,283.510416753,1554.5752181,187.5,1,187.5,812.5,Viga
3.62890625,51.3671875,79.4921875,1000,3.19140625,87.6953125,79.4921875,1000,115.80078125,3.87890625,2840.95604694,890825298.956,6133.97858447,15.9038771743,178.632921758,1200.7404098,226.851851852,1,226.851851852,773.148148148,Viga
2.37890625,88.8671875,86.9921875,1000,3.44140625,65.1953125,86.9921875,1000,84.55078125,3.12890625,2069.62801814,774263577.384,6965.85230287,14.672316559,141.056663399,1418.8948668,149.7461,1,0,1000,Cartela
3.37890625,58.8671875,56.9921875,1000,2.44140625,95.1953125,56.9921875,1000,109.55078125,2.12890625,2815.17795113,873949476.394,6179.64666603,11.782013694,238.93860797,1328.4417512,237.5,1,237.5,762.5,Viga
2.87890625,43.8671875,71.9921875,1000,3.94140625,80.1953125,71.9921875,1000,72.05078125,2.62890625,1488.94944029,921861219.448,3174.89643527,14.1645420098,105.118078598,1313.0178392,175,1,175,825,Viga
3.87890625,73.8671875,41.9921875,1000,2.94140625,50.1953125,41.9921875,1000,97.05078125,3.62890625,3792.61942285,472167984.77,10002.9833692,11.0012959046,344.742969895,974.6552986,147.2461,1,0,1000,Cartela
2.06640625,41.9921875,47.6171875,1000,3.00390625,93.3203125,47.6171875,1000,101.73828125,3.81640625,811.744846887,1001865556.05,1755.52151073,9.65186863483,84.1023513269,799.8893229,221.428571429,1,221.428571429,778.571428571,Viga
3.06640625,71.9921875,77.6171875,1000,2.00390625,63.3203125,77.6171875,1000,76.73828125,2.81640625,3189.84251189,1196326502.5,6984.89025394,11.5317191255,276.614655383,1167.7903169,138.392857143,1,0,1000,Cartela
2.56640625,86.9921875,62.6171875,1000,3.50390625,48.3203125,62.6171875,1000,114.23828125,2.31640625,2632.4004885,1231473228.16,6919.95252294,11.9598776374,220.10262716,2064.581435,197.580645161,1,197.580645161,802.419354839,Viga
3.56640625,56.9921875,92.6171875,1000,2.50390625,78.3203125,92.6171875,1000,89.23828125,3.31640625,3157.51094911,995427252.012,6812.01192983,15.012132569,210.330606567,1201.6060842,190,1,190,810,Viga
2.31640625,79.4921875,70.1171875,1000,2.75390625,40.8203125,70.1171875,1000,107.98828125,3.56640625,1882.5589682,1153821069.99,5405.08714064,10.4570829485,180.027162209,1554.6077113,161.290322581,1,161.290322581,838.709677419,Viga
3.31640625,49.4921875,40.1171875,1000,3.75390625,70.8203125,40.1171875,1000,82.98828125,2.56640625,1687.25011506,394479264.635,4388.92027909,10.6497415531,158.431085549,980.7824583,157.610925121,1,157.610925121,842.389074879,Viga
2.81640625,64.4921875,85.1171875,1000,2.25390625,85.8203125,85.1171875,1000,95.48828125,2.06640625,2392.38125274,1150274032.17,6069.54802588,12.5899593725,190.022952573,1304.2920783,205,1,205,795,Viga
3.81640625,94.4921875,55.1171875,1000,3.25390625,55.8203125,55.1171875,1000,70.48828125,3.06640625,3845.77468389,966456178.524,8223.43477785,14.0936568261,272.872734973,1016.81887,126.3086,1,0,1000,Cartela
2.19140625,98.2421875,43.8671875,1000,2.37890625,82.0703125,43.8671875,1000,111.11328125,3.94140625,2267.31608157,1131219230.64,6299.27008126,9.8596546284,229.95897595,1904.9711722,208.333333333,1,208.333333333,791.666666667,Viga
3.19140625,68.2421875,73.8671875,1000,3.37890625,52.0703125,73.8671875,1000,86.11328125,2.94140625,3042.00961359,1171298955.01,6614.40666826,13.5018456697,225.303242831,1095.5844057,154.166666667,1,154.166666667,845.833333333,Viga
2.69140625,53.2421875,58.8671875,1000,2.87890625,67.0703125,58.8671875,1000,98.61328125,2.44140625,1650.03260944,1061061014.06,3511.8084137,10.2854092751,160.424594229,1104.754934,191.176470588,1,191.176470588,808.823529412,Viga
3.69140625,83.2421875,88.8671875,1000,3.87890625,97.0703125,88.8671875,1000,73.61328125,3.44140625,5310.66837872,1125110883.12,11729.9161687,20.7939658058,255.394686531,1132.6314246,194.444444444,1,194.444444444,805.555555556,Viga
2.44140625,60.7421875,81.3671875,1000,3.62890625,59.5703125,81.3671875,1000,104.86328125,3.69140625,1651.15238301,1121504283.27,4514.08796755,13.5444316545,121.906361605,1062.5880764,175.438596491,1,175.438596491,824.561403509,Viga
3.44140625,90.7421875,51.3671875,1000,2.62890625,89.5703125,51.3671875,1000,79.86328125,2.69140625,5014.72748742,1063445346.52,10776.6494877,13.1636253757,380.953372972,2600.2973474,206.140350877,1,206.140350877,793.859649123,Viga
2.94140625,75.7421875,96.3671875,1000,3.12890625,74.5703125,96.3671875,1000,117.36328125,2.19140625,3126.10411838,1137614328.03,8307.14784456,16.2781207135,192.043306067,1479.6444166,207.446808511,1,207.446808511,792.553191489,Viga
3.94140625,45.7421875,66.3671875,1000,2.12890625,44.5703125,66.3671875,1000,92.36328125,3.19140625,2243.54446476,529602495.671,5116.81124281,10.446075185,214.773915086,963.1237176,173.611111111,1,173.611111111,826.388888889,Viga
2.03515625,57.9296875,74.8046875,1000,2.22265625,68.0078125,74.8046875,1000,115.01953125,2.59765625,1267.10104974,1166970522.11,3360.34720563,9.4575686875,133.977462032,1829.6338134,173.728813559,1,0,1000,Cartela
3.03515625,87.9296875,44.8046875,1000,3.22265625,98.0078125,44.8046875,1000,90.01953125,3.59765625,3939.52932107,1132014898.82,8532.1270486,13.3255063034,295.638246786,2108.619916,233.050847458,1,233.050847458,766.949152542,Viga
2.53515625,72.9296875,89.8046875,1000,2.72265625,83.0078125,89.8046875,1000,102.51953125,3.09765625,0,0,6752.51663748,14.0019734753,0,341.3085097,83.0078,0,0,1000,Cartela
3.53515625,42.9296875,59.8046875,1000,3.72265625,53.0078125,59.8046875,1000,77.51953125,2.09765625,1710.90865632,519961907.66,3913.53670703,11.6748483816,146.546541796,836.0211306,166.666666667,1,166.666666667,833.333333333,Viga
2.28515625,95.4296875,52.3046875,1000,3.97265625,75.5078125,52.3046875,1000,96.26953125,2.84765625,2343.05268759,1291855052.19,6543.98700775,12.9790282575,180.526048723,1485.9016027,194.915254237,1,194.915254237,805.084745763,Viga
3.28515625,65.4296875,82.3046875,1000,2.97265625,45.5078125,82.3046875,1000,71.26953125,3.84765625,3133.11765484,676357626.406,6660.35074054,13.3725930427,234.293950682,1059.9187235,118.644067797,1,118.644067797,881.355932203,Viga
2.78515625,50.4296875,67.3046875,1000,3.47265625,60.5078125,67.3046875,1000,108.76953125,3.34765625,1698.78929798,1045052072.31,3658.80676236,12.0774881907,140.657500232,1395.226912,189.393939394,1,189.393939394,810.606060606,Viga
3.78515625,80.4296875,97.3046875,1000,2.47265625,90.5078125,97.3046875,1000,83.76953125,2.34765625,5466.43441819,1121402885.97,12266.2805033,17.5533706571,311.417933626,1350.3074719,215.909090909,1,215.909090909,784.090909091,Viga
2.16015625,84.1796875,78.5546875,1000,3.34765625,49.2578125,78.5546875,1000,99.39453125,2.72265625,1854.15732422,1106469005.6,5889.38655761,12.1855686041,152.160098922,1749.2888551,151.785714286,1,151.785714286,848.214285714,Viga
3.16015625,54.1796875,48.5546875,1000,2.34765625,79.2578125,48.5546875,1000,74.39453125,3.72265625,2047.13740309,607476429.808,4854.61675837,9.6325752709,212.522336501,956.9064222,185.714285714,1,185.714285714,814.285714286,Viga
2.66015625,69.1796875,93.5546875,1000,3.84765625,94.2578125,93.5546875,1000,111.89453125,3.22265625,2378.24385555,1045304191.98,6911.55255977,18.1463581585,131.059016623,1437.1692843,266.304347826,1,266.304347826,733.695652174,Viga
3.66015625,99.1796875,63.5546875,1000,2.84765625,64.2578125,63.5546875,1000,86.89453125,2.22265625,4237.56219692,777904728.615,9149.80754048,14.6586241793,289.083214433,884.5220509,151.1523,1,0,1000,Cartela
2.41015625,46.6796875,41.0546875,1000,2.59765625,86.7578125,41.0546875,1000,118.14453125,2.97265625,1187.95797618,786975776.584,2582.04299144,8.62407298989,137.749063299,1165.7618831,240,1,240,760,Viga
3.41015625,76.6796875,71.0546875,1000,3.59765625,56.7578125,71.0546875,1000,93.14453125,3.97265625,3904.73663099,1136564482.85,8452.33894371,14.9199330312,261.712745146,1564.6707028,182.203389831,1,182.203389831,817.796610169,Viga
2.91015625,91.6796875,56.0546875,1000,2.09765625,41.7578125,56.0546875,1000,105.64453125,3.47265625,2961.63197929,981047084.52,8300.85323336,10.0997984803,293.236739829,2163.1970861,147.4023,1,0,1000,Cartela
3.91015625,61.6796875,86.0546875,1000,3.09765625,71.7578125,86.0546875,1000,80.64453125,2.47265625,3846.2640578,918329494.735,8064.99960314,16.2798121379,236.259732313,1029.8954659,179.245283019,1,179.245283019,820.754716981,Viga
2.09765625,86.0546875,95.4296875,1000,2.91015625,58.6328125,95.4296875,1000,75.95703125,2.03515625,1329.71012653,679170026.006,4228.37210361,12.8679668637,103.334904466,1371.5752025,134.5898,1,0,1000,Cartela
3.09765625,56.0546875,65.4296875,1000,3.91015625,88.6328125,65.4296875,1000,100.95703125,3.03515625,2328.58988497,1046943920.74,4805.25969804,15.0501994789,154.721529654,1367.920564,220.338983051,1,220.338983051,779.661016949,Viga
2.59765625,41.0546875,80.4296875,1000,2.41015625,73.6328125,80.4296875,1000,88.45703125,3.53515625,1211.14415355,1000893499.41,2860.73893877,10.8864243528,111.252704681,957.1258065,182.203389831,1,182.203389831,817.796610169,Viga
3.59765625,71.0546875,50.4296875,1000,3.41015625,43.6328125,50.4296875,1000,113.45703125,2.53515625,3658.40245807,694249042.336,8780.86993014,11.5436539921,316.91892884,1093.5331343,193.333333333,1,193.333333333,806.666666667,Viga
2.34765625,63.5546875,57.9296875,1000,3.16015625,81.1328125,57.9296875,1000,94.70703125,2.28515625,1606.47017033,1208596291.84,3905.41148926,11.1908164505,143.552543949,1286.8943425,205.64516129,1,205.64516129,794.35483871,Viga
3.34765625,93.5546875,87.9296875,1000,2.16015625,51.1328125,87.9296875,1000,119.70703125,3.28515625,5231.86486307,1267116701.27,12049.8256864,14.5099461722,360.570935341,1157.2193329,170,1,0,1000,Cartela
2.84765625,78.5546875,42.9296875,1000,3.66015625,66.1328125,42.9296875,1000,82.20703125,3.78515625,2921.98229829,1004166697.54,6280.02598276,11.3725270628,256.933422287,1416.7544403,185.714285714,1,185.714285714,814.285714286,Viga
3.84765625,48.5546875,72.9296875,1000,2.66015625,96.1328125,72.9296875,1000,107.20703125,2.78515625,2734.35124488,707627238.323,6116.07635016,14.205618435,192.483787833,1138.8951731,232.142857143,1,232.142857143,767.857142857,Viga
2.22265625,52.3046875,91.6796875,1000,3.53515625,47.3828125,91.6796875,1000,91.58203125,2.16015625,1170.90874068,1082777984.98,3538.21546028,12.5388997386,93.3820961237,1314.3944545,157.894736842,1,157.894736842,842.105263158,Viga
3.22265625,82.3046875,61.6796875,1000,2.53515625,77.3828125,61.6796875,1000,116.58203125,3.16015625,4006.59973883,1317294610.44,8685.90363768,12.8816591668,311.031342077,1744.0032341,232.456140351,1,232.456140351,767.543859649,Viga
2.72265625,97.3046875,76.6796875,1000,3.03515625,92.3828125,76.6796875,1000,79.08203125,3.66015625,3448.09006221,1065242155.93,9329.68584041,15.3975339778,223.937811546,1308.0744788,191.489361702,1,191.489361702,808.510638298,Viga
3.72265625,67.3046875,46.6796875,1000,2.03515625,62.3828125,46.6796875,1000,104.08203125,2.66015625,3419.48385261,489036154.813,8823.31432171,9.95130062935,343.62180181,885.0196392,166.4648,1,0,1000,Cartela
2.47265625,74.8046875,69.1796875,1000,2.28515625,99.8828125,69.1796875,1000,72.83203125,2.41015625,2155.76067665,1072198496.19,5495.02240119,11.5344522402,186.897533732,1187.5915521,182.692307692,1,182.692307692,817.307692308,Viga
3.47265625,44.8046875,99.1796875,1000,3.28515625,69.8828125,99.1796875,1000,97.83203125,3.41015625,2251.8687607,838971191.66,5036.40366839,16.4760748283,136.675074869,963.3312016,197.115384615,1,197.115384615,802.884615385,Viga
2.97265625,59.8046875,54.1796875,1000,2.78515625,54.8828125,54.1796875,1000,85.33203125,3.91015625,2167.29276036,970061712.841,4529.38199996,9.99199625349,216.902879603,782.2331984,173.611111111,1,173.611111111,826.388888889,Viga
3.97265625,89.8046875,84.1796875,1000,3.78515625,84.8828125,84.1796875,1000,110.33203125,2.91015625,6603.23800488,1284273051.81,14248.1153905,20.5313397752,321.617491949,1108.7212381,228.723404255,1,228.723404255,771.276595745,Viga
2.01953125,49.9609375,78.0859375,1000,2.86328125,83.4765625,78.0859375,1000,95.09765625,3.14453125,978.178558497,1103749520.87,2860.29973084,11.4196880278,85.6572050052,1093.7265026,200.892857143,1,200.892857143,799.107142857,Viga
3.01953125,79.9609375,48.0859375,1000,3.86328125,53.4765625,48.0859375,1000,70.09765625,2.14453125,2286.84524858,875863082.5,5179.93009461,11.6383911622,196.491526767,698.0834974,123.5743,1,0,1000,Cartela
2.51953125,94.9609375,93.0859375,1000,2.36328125,68.4765625,93.0859375,1000,107.59765625,2.64453125,2900.56214151,789346741.363,9073.89687977,13.5926755221,213.391553178,1374.4529609,176.0743,1,0,1000,Cartela
3.51953125,64.9609375,63.0859375,1000,3.36328125,98.4765625,63.0859375,1000,82.59765625,3.64453125,3377.33551892,960893273.211,7106.39039094,15.2683596485,221.198321016,915.4012272,218.75,1,218.75,781.25,Viga
2.26953125,72.4609375,40.5859375,1000,3.11328125,60.9765625,40.5859375,1000,113.84765625,3.39453125,1794.33966006,1172632444.61,4052.53123604,9.04566501202,198.364593169,1344.6834589,213.333333333,1,213.333333333,786.666666667,Viga
3.26953125,42.4609375,70.5859375,1000,2.11328125,90.9765625,70.5859375,1000,88.84765625,2.39453125,1759.25315831,770582352.389,3807.75386526,11.0024770706,159.896098581,948.5852065,207.627118644,1,207.627118644,792.372881356,Viga
2.76953125,57.4609375,55.5859375,1000,3.61328125,75.9765625,55.5859375,1000,101.34765625,2.89453125,1915.09142306,1031907500.89,4024.73655538,12.1423986316,157.719366755,1411.0212184,208.333333333,1,208.333333333,791.666666667,Viga
3.76953125,87.4609375,85.5859375,1000,2.61328125,45.9765625,85.5859375,1000,76.34765625,3.89453125,4179.93800345,906510729.428,8918.34549368,15.4390663326,270.737744977,715.8989748,122.3243,1,0,1000,Cartela
2.14453125,91.2109375,74.3359375,1000,3.73828125,94.7265625,74.3359375,1000,116.97265625,3.01953125,2077.85528274,871184864.984,7056.85812206,15.5288165719,133.80641552,1595.9946487,229.166666667,1,229.166666667,770.833333333,Viga
3.14453125,61.2109375,44.3359375,1000,2.73828125,64.7265625,44.3359375,1000,91.97265625,2.01953125,2378.70711982,594628816.432,5825.85983912,9.57903830245,248.324210084,1015.5761436,193.333333333,1,193.333333333,806.666666667,Viga
2.64453125,46.2109375,89.3359375,1000,3.23828125,49.7265625,89.3359375,1000,104.47265625,2.51953125,1445.9482141,1068569912.97,3656.56746821,12.6258900398,114.522477983,1450.4482517,177.966101695,1,177.966101695,822.033898305,Viga
3.64453125,76.2109375,59.3359375,1000,2.23828125,79.7265625,59.3359375,1000,79.47265625,3.51953125,4284.9977482,965713422.508,9262.24153132,12.4270067353,344.813343991,1510.8226987,199.152542373,1,199.152542373,800.847457627,Viga
2.39453125,68.7109375,51.8359375,1000,2.48828125,42.2265625,51.8359375,1000,98.22265625,3.26953125,1751.68235858,1042600673.39,4091.26049474,8.26443212427,211.954352366,1332.8515289,166.666666667,1,166.666666667,833.333333333,Viga
3.39453125,98.7109375,81.8359375,1000,3.48828125,72.2265625,81.8359375,1000,73.22265625,2.26953125,3518.0621273,795137134.797,8100.6831629,17.5620335092,200.322025662,822.5657986,145.4493,1,0,1000,Cartela
2.89453125,83.7109375,66.8359375,1000,2.98828125,87.2265625,66.8359375,1000,110.72265625,2.76953125,3318.88736612,1154457456.41,7986.95513907,14.0200224876,236.724824732,1508.1256531,231.132075472,1,231.132075472,768.867924528,Viga
3.89453125,53.7109375,96.8359375,1000,3.98828125,57.2265625,96.8359375,1000,85.72265625,3.76953125,3250.41380766,848047744.559,6850.90944476,18.4409124483,176.261007516,951.8286701,169.811320755,1,169.811320755,830.188679245,Viga
2.08203125,78.0859375,91.2109375,1000,2.05078125,70.3515625,91.2109375,1000,93.53515625,3.70703125,1609.50848984,957231155.145,5764.18377312,11.0733078538,145.350288378,1002.8719462,183.673469388,1,183.673469388,816.326530612,Viga
3.08203125,48.0859375,61.2109375,1000,3.05078125,40.3515625,61.2109375,1000,118.53515625,2.70703125,1789.23232717,800955126.751,3789.27620591,10.0792930904,177.51565622,1036.4652157,190.789473684,1,190.789473684,809.210526316,Viga
2.58203125,63.0859375,76.2109375,1000,2.55078125,55.3515625,76.2109375,1000,81.03515625,2.20703125,1873.12216535,1204446560.69,4741.10914955,10.7669267975,173.969991678,1647.6375604,154.166666667,1,154.166666667,845.833333333,Viga
3.58203125,93.0859375,46.2109375,1000,3.55078125,85.3515625,46.2109375,1000,106.03515625,3.20703125,5609.36137404,992627385.04,12531.6172359,14.8267031151,378.328299319,1820.7065565,229.166666667,1,229.166666667,770.833333333,Viga
2.33203125,40.5859375,68.7109375,1000,3.80078125,62.8515625,68.7109375,1000,74.78515625,3.95703125,936.34794061,1018116861.18,2183.52084299,11.6273804656,80.5295692681,904.5744414,156.71641791,1,156.71641791,843.28358209,Viga
3.33203125,70.5859375,98.7109375,1000,2.80078125,92.8515625,98.7109375,1000,99.78515625,2.95703125,3756.40666531,1256136071.55,8899.06573479,17.2393630828,217.897067732,1103.9166249,205.555555556,1,205.555555556,794.444444444,Viga
2.83203125,85.5859375,53.7109375,1000,3.30078125,77.8515625,53.7109375,1000,87.28515625,2.45703125,3211.6028595,1267158396.63,7258.11836566,12.6922512799,253.036501458,1638.9747247,200,1,200,800,Viga
3.83203125,55.5859375,83.7109375,1000,2.30078125,47.8515625,83.7109375,1000,112.28515625,3.45703125,3268.25676839,864029026.799,6989.56628002,13.2083811785,247.43810193,1369.4734253,187.5,1,187.5,812.5,Viga
2.20703125,59.3359375,94.9609375,1000,3.42578125,89.1015625,94.9609375,1000,71.66015625,3.58203125,1588.70815851,796056426.487,4478.28318217,15.1397209176,104.936423013,1399.5443259,187.5,1,187.5,812.5,Viga
3.20703125,89.3359375,64.9609375,1000,2.42578125,59.1015625,64.9609375,1000,96.66015625,2.58203125,3903.40080636,829431585.134,8991.43737773,12.3553996556,315.926713433,927.8695777,155.7618,1,0,1000,Cartela
2.70703125,74.3359375,79.9609375,1000,3.92578125,44.1015625,79.9609375,1000,84.16015625,2.08203125,2211.93020722,810918535.153,5328.17393606,13.7614741044,160.733522473,1082.4895411,128.2618,1,0,1000,Cartela
3.70703125,44.3359375,49.9609375,1000,2.92578125,74.1015625,49.9609375,1000,109.16015625,3.08203125,1874.81341289,444421126.637,4676.18815888,10.9614860544,171.036427322,1085.6086568,222.972972973,1,222.972972973,777.027027027,Viga
2.45703125,96.8359375,57.4609375,1000,2.67578125,51.6015625,57.4609375,1000,90.41015625,3.83203125,1722.8547369,763391221.175,6640.48086829,10.5862154967,162.74510352,1423.949357,142.0118,1,0,1000,Cartela
3.45703125,66.8359375,87.4609375,1000,3.67578125,81.6015625,87.4609375,1000,115.41015625,2.83203125,3670.7463894,1194092784.04,8070.80496881,17.9449894588,204.555505469,1151.9562221,220,1,220,780,Viga
2.95703125,51.8359375,42.4609375,1000,2.17578125,96.6015625,42.4609375,1000,77.91015625,2.33203125,1734.59047759,537344968.969,4299.98908407,8.901657654,194.861512879,910.7045962,210.144927536,1,210.144927536,789.855072464,Viga
3.95703125,81.8359375,72.4609375,1000,3.17578125,66.6015625,72.4609375,1000,102.91015625,3.33203125,5557.04048578,1064979738.47,11480.2877447,16.2638342648,341.680835853,1224.8072486,209.090909091,1,209.090909091,790.909090909,Viga
2.05078125,94.0234375,65.8984375,1000,3.20703125,45.0390625,65.8984375,1000,81.81640625,2.98828125,994.004989116,676216063.371,4317.42710917,10.6156695743,93.635637598,1224.9803126,126.8555,1,0,1000,Cartela
3.05078125,64.0234375,95.8984375,1000,2.20703125,75.0390625,95.8984375,1000,106.81640625,3.98828125,2806.32916886,1181079719.15,7032.73525534,13.9483993428,201.193635191,1091.9328638,204.081632653,1,204.081632653,795.918367347,Viga
2.55078125,49.0234375,50.8984375,1000,3.70703125,90.0390625,50.8984375,1000,94.31640625,3.48828125,1372.37189205,1001301137.52,2839.21813761,11.9978656013,114.384669544,1370.0971726,212.686567164,1,212.686567164,787.313432836,Viga
3.55078125,79.0234375,80.8984375,1000,2.70703125,60.0390625,80.8984375,1000,119.31640625,2.48828125,4527.95443711,1246893097.45,9923.61067486,14.8238116694,305.451427615,1455.271666,208.333333333,1,208.333333333,791.666666667,Viga
2.30078125,56.5234375,88.3984375,1000,2.95703125,97.5390625,88.3984375,1000,88.06640625,2.73828125,1466.87255523,1019933552.35,4109.23659653,13.8296690136,106.067076066,1188.6918496,198.979591837,1,198.979591837,801.020408163,Viga
3.30078125,86.5234375,58.3984375,1000,3.95703125,67.5390625,58.3984375,1000,113.06640625,3.73828125,4367.08197034,1222535891.84,9341.57238757,15.1494871457,288.265993979,1808.8554014,225,1,225,775,Viga
2.80078125,71.5234375,73.3984375,1000,2.45703125,52.5390625,73.3984375,1000,75.56640625,3.23828125,2615.86510605,1210528067.99,5806.28839116,11.1392906261,234.832288145,1361.4551367,129.166666667,1,129.166666667,870.833333333,Viga
3.80078125,41.5234375,43.3984375,1000,3.45703125,82.5390625,43.3984375,1000,100.56640625,2.23828125,1586.53477865,397093535.855,4160.47327322,11.3600354283,139.659316088,904.5558581,183.1055,1,0,1000,Cartela
2.17578125,45.2734375,62.1484375,1000,2.33203125,56.2890625,62.1484375,1000,84.94140625,2.86328125,942.628479449,927945626.553,2208.50282599,8.01638035435,117.587793715,720.1373209,161.971830986,1,161.971830986,838.028169014,Viga
3.17578125,75.2734375,92.1484375,1000,3.33203125,86.2890625,92.1484375,1000,109.94140625,3.86328125,3666.89103591,1182273301.29,9008.5857666,17.8179209286,205.79791832,1316.1253559,212.765957447,1,212.765957447,787.234042553,Viga
2.67578125,90.2734375,47.1484375,1000,2.83203125,71.2890625,47.1484375,1000,72.44140625,3.36328125,0,0,6907.50330925,10.8285358211,0,650.3010173,71.2891,0,0,1000,Cartela
3.67578125,60.2734375,77.1484375,1000,3.83203125,41.2890625,77.1484375,1000,97.44140625,2.36328125,3249.25285286,905773956.633,6738.75949458,14.5441362227,223.406382002,1655.0223346,170.634920635,1,170.634920635,829.365079365,Viga
2.42578125,82.7734375,99.6484375,1000,3.58203125,78.7890625,99.6484375,1000,78.69140625,2.61328125,2617.33717639,738003107.279,7100.49745031,16.7492749742,156.265699884,1037.1084021,157.4805,1,0,1000,Cartela
3.42578125,52.7734375,69.6484375,1000,2.58203125,48.7890625,69.6484375,1000,103.69140625,3.61328125,2422.70854659,870495519.934,5151.08821755,11.4024307882,212.472988575,1415.5548092,179.104477612,1,179.104477612,820.895522388,Viga
2.92578125,67.7734375,84.6484375,1000,3.08203125,63.7890625,84.6484375,1000,91.19140625,3.11328125,2645.9057497,1252603947.22,6472.75351517,14.0869859894,187.826249823,1431.3105983,166.666666667,1,166.666666667,833.333333333,Viga
3.92578125,97.7734375,54.6484375,1000,2.08203125,93.7890625,54.6484375,1000,116.19140625,2.11328125,6756.47230115,1343185171.36,14618.9718529,13.9994523057,482.624045113,3286.7739209,5.21050555556,1,0,1000,Cartela
2.11328125,65.8984375,45.2734375,1000,3.89453125,50.6640625,45.2734375,1000,108.37890625,2.42578125,1375.68189183,952386669.011,3233.90664804,9.29384672242,148.020720904,1509.3956243,185.897435897,1,185.897435897,814.102564103,Viga
3.11328125,95.8984375,75.2734375,1000,2.89453125,80.6640625,75.2734375,1000,83.37890625,3.42578125,3903.42976247,889395127.265,10283.1077695,15.3112745107,254.938265247,1364.582599,164.043,1,0,1000,Cartela
2.61328125,80.8984375,60.2734375,1000,3.39453125,95.6640625,60.2734375,1000,95.87890625,3.92578125,2621.2559339,1184474054.65,6485.97464927,14.0614973705,186.413712909,1557.8380547,212.962962963,1,212.962962963,787.037037037,Viga
3.61328125,50.8984375,90.2734375,1000,2.39453125,65.6640625,90.2734375,1000,70.87890625,2.92578125,2643.97824955,894414914.923,5578.24397093,13.6039892669,194.353156098,871.7323345,162.037037037,1,162.037037037,837.962962963,Viga
2.36328125,88.3984375,82.7734375,1000,2.14453125,88.1640625,82.7734375,1000,102.12890625,2.17578125,2413.54158491,1051593552.7,7773.15538356,12.1689251879,198.33646338,1706.5846709,196.808510638,1,196.808510638,803.191489362,Viga
3.36328125,58.3984375,52.7734375,1000,3.14453125,58.1640625,52.7734375,1000,77.12890625,3.17578125,2469.55355873,659663818.792,5723.42631433,10.9732710881,225.051722399,871.3056069,171.232876712,1,171.232876712,828.767123288,Viga
2.86328125,43.3984375,97.7734375,1000,2.64453125,43.1640625,97.7734375,1000,114.62890625,3.67578125,1573.49222163,1019526124.54,3961.98086747,12.5572220927,125.305757118,1052.8005572,179.824561404,1,179.824561404,820.175438596,Viga
3.86328125,73.3984375,67.7734375,1000,3.64453125,73.1640625,67.7734375,1000,89.62890625,2.67578125,4544.73731085,993380322.313,9635.68737942,16.0903324213,282.451424362,1460.8868591,201.754385965,1,201.754385965,798.245614035,Viga
2.23828125,77.1484375,49.0234375,1000,2.51953125,69.4140625,49.0234375,1000,105.25390625,2.30078125,1793.9966424,1135168765.66,4548.44704285,9.09402349596,197.272048307,1685.656634,204.545454545,1,204.545454545,795.454545455,Viga
3.23828125,47.1484375,79.0234375,1000,3.51953125,99.4140625,79.0234375,1000,80.25390625,3.30078125,2083.49083513,876249191.825,4393.70252786,15.9555629111,130.580841725,928.6225013,202.830188679,1,202.830188679,797.169811321,Viga
2.73828125,62.1484375,64.0234375,1000,2.01953125,84.4140625,64.0234375,1000,117.75390625,3.80078125,2168.1711208,1143160906.85,4840.04312309,10.4989819015,206.512511513,1367.6712334,224.576271186,1,224.576271186,775.423728814,Viga
3.73828125,92.1484375,94.0234375,1000,3.01953125,54.4140625,94.0234375,1000,92.75390625,2.80078125,4931.18241938,842341453.437,10681.5547055,17.6987400642,278.617709593,804.7736935,147.168,1,0,1000,Cartela
2.48828125,54.6484375,71.5234375,1000,3.26953125,76.9140625,71.5234375,1000,111.50390625,2.05078125,1580.11918924,1120654359.99,3831.6578809,12.4001913701,127.427000285,1410.913806,211.86440678,1,211.86440678,788.13559322,Viga
3.48828125,84.6484375,41.5234375,1000,2.26953125,46.9140625,41.5234375,1000,86.50390625,3.05078125,0,0,7945.54996842,9.81814239616,0,1083.0128377,12.863275,0,0,1000,Cartela
2.98828125,99.6484375,86.5234375,1000,3.76953125,61.9140625,86.5234375,1000,99.00390625,3.55078125,3276.71972163,822077672.542,10082.6891969,17.4035148876,188.279192036,1567.8293234,160.918,1,0,1000,Cartela
3.98828125,69.6484375,56.5234375,1000,2.76953125,91.9140625,56.5234375,1000,74.00390625,2.55078125,4216.63510323,644347693.604,10210.6928902,13.8424525971,304.616185148,1243.3629333,203.389830508,1,203.389830508,796.610169492,Viga
2.01171875,69.8828125,90.0390625,1000,3.30859375,56.9921875,90.0390625,1000,118.33984375,3.94921875,1326.72422107,1080418925.7,4795.8737621,13.1189631307,101.130265239,1198.7793185,193.396226415,1,193.396226415,806.603773585,Viga
3.01171875,99.8828125,60.0390625,1000,2.30859375,86.9921875,60.0390625,1000,93.33984375,2.94921875,4397.07491166,1248851710.8,10438.5680615,12.8238721669,342.881998076,1865.2321075,216.981132075,1,216.981132075,783.018867925,Viga
2.51171875,84.8828125,75.0390625,1000,3.80859375,71.9921875,75.0390625,1000,105.83984375,2.44921875,2573.37448624,1273738129.46,7110.65828158,14.8758078442,172.990570541,1420.0581276,183.962264151,1,183.962264151,816.037735849,Viga
3.51171875,54.8828125,45.0390625,1000,2.80859375,41.9921875,45.0390625,1000,80.83984375,3.44921875,2134.1349619,415953668.91,5415.48987978,9.0281562664,236.386577605,756.2732216,127.08019215,1,127.08019215,872.91980785,Viga
2.26171875,92.3828125,67.5390625,1000,2.55859375,79.4921875,67.5390625,1000,99.58984375,3.69921875,2168.34956749,1065088564.73,6543.41016112,11.7829239023,184.024745085,1501.9143948,226.41509434,1,226.41509434,773.58490566,Viga
3.26171875,62.3828125,97.5390625,1000,3.55859375,49.4921875,97.5390625,1000,74.58984375,2.69921875,3166.98233725,839444922.271,6764.4634673,16.0082369204,197.834549364,1062.4478562,122.641509434,1,0,1000,Cartela
2.76171875,47.3828125,52.5390625,1000,2.05859375,64.4921875,52.5390625,1000,112.08984375,2.19921875,1479.12851525,879435974.037,3114.34691293,8.10306465031,182.539394549,1192.444002,209.459459459,1,209.459459459,790.540540541,Viga
3.76171875,77.3828125,82.5390625,1000,3.05859375,94.4921875,82.5390625,1000,87.08984375,3.19921875,4924.36424263,1135273293.63,10409.5188514,17.6535339489,278.944955548,940.8379943,208.333333333,1,208.333333333,791.666666667,Viga
2.13671875,73.6328125,93.7890625,1000,2.18359375,45.7421875,93.7890625,1000,96.46484375,3.82421875,1625.13635644,1061714026.4,5184.53367997,10.770228029,150.891545849,1516.8305444,150.943396226,1,150.943396226,849.056603774,Viga
3.13671875,43.6328125,63.7890625,1000,3.18359375,75.7421875,63.7890625,1000,71.46484375,2.82421875,1599.31651293,736406438.953,3446.7740743,11.8932108778,134.473064454,1007.938642,173.076923077,1,173.076923077,826.923076923,Viga
2.63671875,58.6328125,78.7890625,1000,2.68359375,90.7421875,78.7890625,1000,108.96484375,2.32421875,1954.76687145,1276303030.17,4856.91056079,12.8252389101,152.415630239,1329.5110753,216.981132075,1,216.981132075,783.018867925,Viga
3.63671875,88.6328125,48.7890625,1000,3.68359375,60.7421875,48.7890625,1000,83.96484375,3.32421875,4469.73481236,897616054.535,9872.71364285,13.6745418041,326.86541724,1622.369058,144.707,1,0,1000,Cartela
2.38671875,51.1328125,56.2890625,1000,3.93359375,98.2421875,56.2890625,1000,115.21484375,3.57421875,1364.74107752,1181035657.21,2941.91943357,13.5337533761,100.839806933,1159.5301026,233.870967742,1,233.870967742,766.129032258,Viga
3.38671875,81.1328125,86.2890625,1000,2.93359375,68.2421875,86.2890625,1000,90.21484375,2.57421875,4648.05349441,817759443.128,9959.20759297,15.7758988925,294.630025591,884.2197382,158.457,1,0,1000,Cartela
2.88671875,96.1328125,41.2890625,1000,3.43359375,53.2421875,41.2890625,1000,102.71484375,2.07421875,2671.09990024,802443407.004,6671.50619611,10.9616634178,243.676511351,1129.1382766,155.957,1,0,1000,Cartela
3.88671875,66.1328125,71.2890625,1000,2.43359375,83.2421875,71.2890625,1000,77.71484375,3.07421875,3996.24246045,960522523.263,8532.00720108,13.9644292223,286.172989731,944.2932354,195.454545455,1,195.454545455,804.545454545,Viga
2.07421875,98.0078125,80.6640625,1000,3.62109375,66.3671875,80.6640625,1000,73.02734375,3.38671875,1232.92777386,613051464.895,5470.18539649,13.99379192,88.1053384895,1099.1331697,139.3945,1,0,1000,Cartela
3.07421875,68.0078125,50.6640625,1000,2.62109375,96.3671875,50.6640625,1000,98.02734375,2.38671875,2887.41066642,1074806200.4,6064.16187896,11.5773705451,249.401248338,1284.6470995,229.508196721,1,229.508196721,770.491803279,Viga
2.57421875,53.0078125,95.6640625,1000,3.12109375,81.3671875,95.6640625,1000,85.52734375,2.88671875,1653.76887977,1088539779.96,4486.35960159,14.5973413117,113.292471859,993.0440917,190,1,190,810,Viga
3.57421875,83.0078125,65.6640625,1000,2.12109375,51.3671875,65.6640625,1000,110.52734375,3.88671875,4695.15530511,1162732211.27,9876.96566839,12.3834868772,379.146467522,1613.5451795,204.918032787,1,204.918032787,795.081967213,Viga
2.32421875,60.5078125,43.1640625,1000,2.37109375,73.8671875,43.1640625,1000,91.77734375,3.13671875,1503.09040699,1084763311.37,3223.26315216,8.13881611251,184.681701393,1359.4444988,198.630136986,1,198.630136986,801.369863014,Viga
3.32421875,90.5078125,73.1640625,1000,3.37109375,43.8671875,73.1640625,1000,116.77734375,2.13671875,4035.89905122,860054814.772,9137.91538625,14.4636391421,279.03759293,1108.5969738,160.6445,1,0,1000,Cartela
2.82421875,75.5078125,58.1640625,1000,2.87109375,58.8671875,58.1640625,1000,79.27734375,2.63671875,2675.98084173,1200960959.73,6004.66567083,10.9581108106,244.200929154,1626.8747679,179.6875,1,179.6875,820.3125,Viga
3.82421875,45.5078125,88.1640625,1000,3.87109375,88.8671875,88.1640625,1000,104.27734375,3.63671875,2631.35284403,768389758.094,5717.60220624,18.5367991286,141.952924331,838.8047962,221.153846154,1,221.153846154,778.846153846,Viga
2.19921875,41.7578125,76.9140625,1000,2.99609375,47.6171875,76.9140625,1000,94.90234375,3.26171875,895.491499418,1056283127.4,2367.16564213,10.0164176856,89.4023719387,1368.9482232,162.878787879,1,162.878787879,837.121212121,Viga
3.19921875,71.7578125,46.9140625,1000,3.99609375,77.6171875,46.9140625,1000,119.90234375,2.26171875,3318.66744231,994559686.319,7428.46053192,13.347214383,248.641203106,1584.1568222,231.060606061,1,231.060606061,768.939393939,Viga
2.69921875,86.7578125,91.9140625,1000,2.49609375,92.6171875,91.9140625,1000,82.40234375,2.76171875,3059.97894473,995060345.122,8778.23016776,14.7582205264,207.340643762,1616.900913,194.444444444,1,194.444444444,805.555555556,Viga
3.69921875,56.7578125,61.9140625,1000,3.49609375,62.6171875,61.9140625,1000,107.40234375,3.76171875,2940.80208322,724795957.894,6651.40719834,13.5323826343,217.315912703,1338.3846038,208.333333333,1,208.333333333,791.666666667,Viga
2.44921875,79.2578125,54.4140625,1000,3.24609375,85.1171875,54.4140625,1000,76.15234375,3.01171875,2196.28004778,1176309244.4,5409.1071494,12.0074775142,182.909361702,1710.4413662,186.440677966,1,186.440677966,813.559322034,Viga
3.44921875,49.2578125,84.4140625,1000,2.24609375,55.1171875,84.4140625,1000,101.15234375,2.01171875,2371.66168438,913926765.891,4985.14330354,11.9793556246,197.979069885,1417.532468,177.966101695,1,177.966101695,822.033898305,Viga
2.94921875,64.2578125,69.4140625,1000,3.74609375,40.1171875,69.4140625,1000,88.65234375,2.51171875,2440.80377175,1125836705.39,5364.28667443,12.2440774706,199.345665496,1106.1313312,143.939393939,1,143.939393939,856.060606061,Viga
3.94921875,94.2578125,99.4140625,1000,2.74609375,70.1171875,99.4140625,1000,113.65234375,3.51171875,7458.21210727,1344703850.51,16129.3323563,19.3873130999,384.695500033,1044.3168662,177.777777778,1,0,1000,Cartela
2.04296875,82.0703125,45.9765625,1000,2.65234375,93.5546875,45.9765625,1000,84.74609375,2.16796875,1638.56818384,1077657542.25,4385.97180085,9.78141228835,167.518568438,1984.1478756,200,1,200,800,Viga
3.04296875,52.0703125,75.9765625,1000,3.65234375,63.5546875,75.9765625,1000,109.74609375,3.16796875,2094.58002832,1053168103.81,4430.96031183,14.0014954163,149.596879907,1117.5302831,191.666666667,1,191.666666667,808.333333333,Viga
2.54296875,67.0703125,60.9765625,1000,2.15234375,48.5546875,60.9765625,1000,72.24609375,3.66796875,1923.77441782,1231300187.33,4419.36763866,8.79462969167,218.744220652,1239.9440732,132.352941176,1,132.352941176,867.647058824,Viga
3.54296875,97.0703125,90.9765625,1000,3.15234375,78.5546875,90.9765625,1000,97.24609375,2.66796875,5302.77018353,826482459.687,12026.0988388,18.604343021,285.028618187,815.1237548,175.8008,1,0,1000,Cartela
2.29296875,44.5703125,83.4765625,1000,3.40234375,41.0546875,83.4765625,1000,78.49609375,2.41796875,1019.69915345,1200871958.11,2636.72600602,11.025958114,92.4816821272,1111.0946789,136.71875,1,136.71875,863.28125,Viga
3.29296875,74.5703125,53.4765625,1000,2.40234375,71.0546875,53.4765625,1000,103.49609375,3.41796875,3569.76714901,1078392643.07,7511.43086367,11.2925801771,316.116165927,1544.6037696,210.9375,1,210.9375,789.0625,Viga
2.79296875,89.5703125,98.4765625,1000,3.90234375,86.0546875,98.4765625,1000,90.99609375,3.91796875,3348.71708893,1081526007.2,10041.9370263,19.472724104,171.969626389,1148.6118901,226.744186047,1,226.744186047,773.255813953,Viga
3.79296875,59.5703125,68.4765625,1000,2.90234375,56.0546875,68.4765625,1000,115.99609375,2.91796875,3366.02171965,841774714.371,7350.91522531,13.1488882816,255.99287541,1594.2725061,207.03125,1,207.03125,792.96875,Viga
2.16796875,55.8203125,49.7265625,1000,3.77734375,82.3046875,49.7265625,1000,81.62109375,2.04296875,1169.54332084,1205275625.98,2725.50996143,11.0257903543,106.073422699,1351.2544875,187.5,1,187.5,812.5,Viga
3.16796875,85.8203125,79.7265625,1000,2.77734375,52.3046875,79.7265625,1000,106.62109375,3.04296875,4125.76109035,1295543977.18,9401.19207815,13.9923298314,294.85876477,1669.7208288,157.407407407,1,0,1000,Cartela
2.66796875,70.8203125,64.7265625,1000,3.27734375,67.3046875,64.7265625,1000,94.12109375,3.54296875,2275.15183069,1169138031.99,5415.92649063,12.3964579802,183.532411785,1340.1616897,187.5,1,187.5,812.5,Viga
3.66796875,40.8203125,94.7265625,1000,2.27734375,97.3046875,94.7265625,1000,119.12109375,2.54296875,2255.68901814,782140523.525,4884.91740865,14.6881524664,153.572004601,1103.2687731,244.897959184,1,244.897959184,755.102040816,Viga
2.41796875,93.3203125,72.2265625,1000,2.02734375,59.8046875,72.2265625,1000,87.87109375,2.29296875,1872.35678469,829371530.834,5947.33933395,10.4748677086,178.747535223,1748.652564,147.6758,1,0,1000,Cartela
3.41796875,63.3203125,42.2265625,1000,3.02734375,89.8046875,42.2265625,1000,112.87109375,3.29296875,2894.68148188,503672339.524,7608.5314455,11.7881466103,245.558659693,1212.1324263,235.294117647,1,235.294117647,764.705882353,Viga
2.91796875,48.3203125,87.2265625,1000,2.52734375,74.8046875,87.2265625,1000,75.37109375,3.79296875,1786.33839843,1036750612.78,4113.07115345,12.616992211,141.581953017,1138.8827181,171.296296296,1,171.296296296,828.703703704,Viga
3.91796875,78.3203125,57.2265625,1000,3.52734375,44.8046875,57.2265625,1000,100.37109375,2.79296875,4759.61846725,613558024.766,11667.796552,13.5144872346,352.186389659,1916.9239157,145.1758,1,0,1000,Cartela
2.10546875,53.9453125,62.8515625,1000,2.46484375,91.6796875,62.8515625,1000,105.05859375,2.73046875,1133.83251254,1125070675.77,2883.0948457,9.94760698149,113.980429127,1100.4983754,220.338983051,1,220.338983051,779.661016949,Viga
3.10546875,83.9453125,92.8515625,1000,3.46484375,61.6796875,92.8515625,1000,80.05859375,3.73046875,3557.47244701,843206062.337,8559.27096168,16.841840683,211.228244819,809.0249917,141.7383,1,0,1000,Cartela
2.60546875,98.9453125,47.8515625,1000,2.96484375,46.6796875,47.8515625,1000,117.55859375,3.23046875,3170.16262854,1183301489.43,7929.12892167,10.4681516364,302.838814211,1931.2296168,197.76119403,1,197.76119403,802.23880597,Viga
3.60546875,68.9453125,77.8515625,1000,3.96484375,76.6796875,77.8515625,1000,92.55859375,2.23046875,3881.91601598,1089313724.09,8129.4048988,17.3554533711,223.671253812,1276.0898267,199.074074074,1,199.074074074,800.925925926,Viga
2.35546875,76.4453125,85.3515625,1000,3.71484375,54.1796875,85.3515625,1000,111.30859375,2.98046875,2084.1505914,1011227432.51,6311.11261808,14.1179607067,147.624053834,1422.5746129,226.851851852,1,226.851851852,773.148148148,Viga
3.35546875,46.4453125,55.3515625,1000,2.71484375,84.1796875,55.3515625,1000,86.30859375,3.98046875,1863.95845285,601969505.59,4317.84450924,11.1688572026,166.888914331,1112.3244886,201.492537313,1,201.492537313,798.507462687,Viga
2.85546875,61.4453125,70.3515625,1000,3.21484375,99.1796875,70.3515625,1000,98.80859375,3.48046875,2321.46156636,1099594450.06,5209.01878283,14.4200697979,160.988233683,1143.0117797,226.851851852,1,226.851851852,773.148148148,Viga
3.85546875,91.4453125,40.3515625,1000,2.21484375,69.1796875,40.3515625,1000,73.80859375,2.48046875,3634.69954818,819115688.709,8369.60151479,11.353813265,320.130291325,1521.6846684,69.1797,1,0,1000,Cartela
2.23046875,87.6953125,59.1015625,1000,3.08984375,72.9296875,59.1015625,1000,108.18359375,2.60546875,2008.12547078,1054472701.79,5783.28050247,11.5138078878,174.410194294,1944.0414018,228.448275862,1,228.448275862,771.551724138,Viga
3.23046875,57.6953125,89.1015625,1000,2.08984375,42.9296875,89.1015625,1000,83.18359375,3.60546875,2677.69500987,1002535970.6,5707.16566077,11.8049857995,226.827465559,1091.9222735,137.931034483,1,137.931034483,862.068965517,Viga
2.73046875,42.6953125,44.1015625,1000,3.58984375,57.9296875,44.1015625,1000,95.68359375,3.10546875,1158.3031695,564494551.881,2721.4497378,9.20127737654,125.88503988,952.3413415,188.235294118,1,188.235294118,811.764705882,Viga
3.73046875,72.6953125,74.1015625,1000,2.58984375,87.9296875,74.1015625,1000,70.68359375,2.10546875,4303.68752801,989205407.637,8874.56913364,14.743318703,291.907650828,1218.9922724,197.115384615,1,197.115384615,802.884615385,Viga
2.48046875,65.1953125,96.6015625,1000,2.83984375,65.4296875,96.6015625,1000,101.93359375,2.85546875,1877.21187093,1147217667.6,5586.35723548,13.6237752774,137.78940365,1236.7943993,180,1,180,820,Viga
3.48046875,95.1953125,66.6015625,1000,3.83984375,95.4296875,66.6015625,1000,76.93359375,3.85546875,5404.40144505,1240565570.5,11892.0120163,18.1643500158,297.527929177,1456.1244884,210,1,210,790,Viga
2.98046875,80.1953125,81.6015625,1000,2.33984375,80.4296875,81.6015625,1000,114.43359375,3.35546875,3440.41563342,1187793866.38,8530.94410609,13.7652385263,249.935053929,1364.431325,205,1,205,795,Viga
3.98046875,50.1953125,51.6015625,1000,3.33984375,50.4296875,51.6015625,1000,89.43359375,2.35546875,2310.15733841,423301391.321,5777.28863739,11.1324939213,207.514807979,925.2913336,139.8633,1,0,1000,Cartela
2.02734375,90.0390625,51.1328125,1000,2.26171875,49.9609375,51.1328125,1000,78.88671875,3.58984375,1010.00617132,709885559.855,4401.64487749,8.12945745497,124.240292408,1395.6015462,128.8476,1,0,1000,Cartela
3.02734375,60.0390625,81.1328125,1000,3.26171875,79.9609375,81.1328125,1000,103.88671875,2.58984375,2530.4557048,1193255819.57,5748.91854642,14.7990197761,170.98806158,1383.522425,202.830188679,1,202.830188679,797.169811321,Viga
2.52734375,45.0390625,66.1328125,1000,2.76171875,94.9609375,66.1328125,1000,91.38671875,2.08984375,1277.36521859,1060240111.73,2803.39788196,11.2331309435,113.714086038,1000.9317388,203.389830508,1,203.389830508,796.610169492,Viga
3.52734375,75.0390625,96.1328125,1000,3.76171875,64.9609375,96.1328125,1000,116.38671875,3.08984375,4336.51443751,1137973855.58,9874.06704803,18.8705894172,229.802808044,1306.9228013,204.081632653,1,204.081632653,795.918367347,Viga
2.27734375,67.5390625,73.6328125,1000,3.51171875,87.4609375,73.6328125,1000,85.13671875,3.83984375,1647.2942829,1120588937.29,4596.3212177,13.8647335683,118.811823883,1200.9874994,183.962264151,1,183.962264151,816.037735849,Viga
3.27734375,97.5390625,43.6328125,1000,2.51171875,57.4609375,43.6328125,1000,110.13671875,2.83984375,0,0,10439.043716,11.1368634402,0,1534.8917417,35.2851375,0,0,1000,Cartela
2.77734375,82.5390625,88.6328125,1000,3.01171875,42.4609375,88.6328125,1000,72.63671875,2.33984375,1976.63286439,806974588.499,4906.6850972,13.3994355828,147.516128734,1182.7089506,115.0976,1,0,1000,Cartela
3.77734375,52.5390625,58.6328125,1000,2.01171875,72.4609375,58.6328125,1000,97.63671875,3.33984375,2628.09174769,576995604.628,6222.40969171,10.6204131564,247.456639301,1234.833436,208.955223881,1,208.955223881,791.044776119,Viga
2.15234375,48.7890625,47.3828125,1000,3.13671875,68.7109375,47.3828125,1000,88.26171875,3.71484375,995.744941797,984419133.258,2172.49678942,8.91216853126,111.728693,849.1940239,184.210526316,1,184.210526316,815.789473684,Viga
3.15234375,78.7890625,77.3828125,1000,2.13671875,98.7109375,77.3828125,1000,113.26171875,2.71484375,3789.32490045,1156896023.82,8722.31216081,13.7185494417,276.219065038,1407.9646598,234.693877551,1,234.693877551,765.306122449,Viga
2.65234375,93.7890625,62.3828125,1000,3.63671875,83.7109375,62.3828125,1000,75.76171875,2.21484375,2488.63014886,803780411.824,7293.55840124,14.4243932564,172.529277636,1416.6121748,159.4726,1,0,1000,Cartela
3.65234375,63.7890625,92.3828125,1000,2.63671875,53.7109375,92.3828125,1000,100.76171875,3.21484375,3685.73872744,1125917783.6,7971.32527653,14.954080618,246.470433161,1255.6923826,174.528301887,1,174.528301887,825.471698113,Viga
2.40234375,71.2890625,84.8828125,1000,2.88671875,76.2109375,84.8828125,1000,82.01171875,3.96484375,2088.10473606,1118986326.78,5558.58074444,13.264030866,157.426106525,1335.1598308,151.960784314,1,0,1000,Cartela
3.40234375,41.2890625,54.8828125,1000,3.88671875,46.2109375,54.8828125,1000,107.01171875,2.96484375,1538.26581698,504534987.126,3589.19734919,10.9279949221,140.763774869,889.0759878,189.024390244,1,189.024390244,810.975609756,Viga
2.90234375,56.2890625,99.8828125,1000,2.38671875,61.2109375,99.8828125,1000,94.51171875,2.46484375,2182.30430205,1081002578.25,5615.93941474,13.1403027673,166.07717042,1070.7860223,176.470588235,1,176.470588235,823.529411765,Viga
3.90234375,86.2890625,69.8828125,1000,3.38671875,91.2109375,69.8828125,1000,119.51171875,3.46484375,6114.43087687,1159489626.72,12652.0497619,18.0050116276,339.596052663,1216.1317122,254.901960784,1,254.901960784,745.098039216,Viga
2.08984375,61.9140625,60.5078125,1000,2.57421875,44.3359375,60.5078125,1000,111.69921875,3.02734375,1249.30229737,861391537.814,3293.24397403,8.4323373911,148.156108968,1365.4888717,169.014084507,1,169.014084507,830.985915493,Viga
3.08984375,91.9140625,90.5078125,1000,3.57421875,74.3359375,90.5078125,1000,86.69921875,2.02734375,3600.00371986,747025716.492,8375.43313824,17.6947807859,203.450032154,867.2089269,161.0351,1,0,1000,Cartela
2.58984375,76.9140625,45.5078125,1000,2.07421875,89.3359375,45.5078125,1000,99.19921875,2.52734375,2478.60014615,1204448923.54,5498.40516273,9.34502724357,265.231987189,1999.6045309,226.19047619,1,226.19047619,773.80952381,Viga
3.58984375,46.9140625,75.5078125,1000,3.07421875,59.3359375,75.5078125,1000,74.19921875,3.52734375,2203.01460699,763088349.638,4798.95607901,13.0783455235,168.447499955,1110.4973309,162.698412698,1,162.698412698,837.301587302,Viga
2.33984375,99.4140625,98.0078125,1000,3.32421875,96.8359375,98.0078125,1000,105.44921875,3.27734375,2777.64891992,871274159.55,10030.0842117,17.5643475634,158.141309257,1381.7361063,268.292682927,1,268.292682927,731.707317073,Viga
3.33984375,69.4140625,68.0078125,1000,2.32421875,66.8359375,68.0078125,1000,80.44921875,2.27734375,3315.85746472,1073781723.51,6960.74789872,11.8602930026,279.57635313,1346.5562677,186.440677966,1,186.440677966,813.559322034,Viga
2.83984375,54.4140625,83.0078125,1000,3.82421875,51.8359375,83.0078125,1000,117.94921875,2.77734375,1980.7339709,1176981843.96,4704.53123706,14.1156881647,140.32145991,1200.4958873,186.440677966,1,186.440677966,813.559322034,Viga
3.83984375,84.4140625,53.0078125,1000,2.82421875,81.8359375,53.0078125,1000,92.94921875,3.77734375,5368.43525211,862129182.275,12490.0000961,14.0127967161,383.109479206,1503.9419662,216.101694915,1,216.101694915,783.898305085,Viga
2.21484375,80.6640625,64.2578125,1000,3.94921875,55.5859375,64.2578125,1000,102.32421875,3.15234375,1798.99505339,1102494250.94,5315.55504896,12.3153224141,146.077787726,1612.7959721,180.327868852,1,180.327868852,819.672131148,Viga
3.21484375,50.6640625,94.2578125,1000,2.94921875,85.5859375,94.2578125,1000,77.32421875,2.15234375,2313.40501597,999860200.469,5041.00528446,15.3192927849,151.012520516,1004.8555806,185,1,185,815,Viga
2.71484375,65.6640625,49.2578125,1000,3.44921875,70.5859375,49.2578125,1000,114.82421875,2.65234375,2226.55079115,1081384922.18,4698.31721239,11.2241333526,198.371733586,1110.1333604,224.637681159,1,224.637681159,775.362318841,Viga
3.71484375,95.6640625,79.2578125,1000,2.44921875,40.5859375,79.2578125,1000,89.82421875,3.65234375,4251.95654132,1018280433.86,9679.29192849,14.708458508,289.082403775,926.4622535,130.4101,1,0,1000,Cartela
2.46484375,43.1640625,86.7578125,1000,2.19921875,78.0859375,86.7578125,1000,108.57421875,3.40234375,1233.86700302,1076976392.76,3100.29274549,11.0472705116,111.689760989,1037.8802547,209.090909091,1,209.090909091,790.909090909,Viga
3.46484375,73.1640625,56.7578125,1000,3.19921875,48.0859375,56.7578125,1000,83.57421875,2.40234375,3518.50730796,889750963.996,7718.70331257,11.8933342535,295.838596056,938.8124793,131.6601,1,0,1000,Cartela
2.96484375,88.1640625,71.7578125,1000,2.69921875,63.0859375,71.7578125,1000,96.07421875,2.90234375,3658.48366589,1282067170.33,8918.67966624,13.0859165621,279.574124482,1492.4260762,159.090909091,1,0,1000,Cartela
3.96484375,58.1640625,41.7578125,1000,3.69921875,93.0859375,41.7578125,1000,71.07421875,3.90234375,2677.25876027,438372989.774,7112.6907821,13.4112932565,199.627188003,1094.9236263,167.826064474,1,167.826064474,832.173935526,Viga
2.05859375,45.9765625,93.3203125,1000,3.66796875,71.5234375,93.3203125,1000,98.41796875,2.30859375,944.908537985,1039445134.39,2961.76134328,13.8504253568,68.2223479528,1061.8001182,193.396226415,1,193.396226415,806.603773585,Viga
3.05859375,75.9765625,63.3203125,1000,2.66796875,41.5234375,63.3203125,1000,73.41796875,3.30859375,2519.91835552,1031071999.59,5842.11518326,10.874183081,231.734038019,956.6832209,114.9414,1,0,1000,Cartela
2.55859375,90.9765625,78.3203125,1000,3.16796875,56.5234375,78.3203125,1000,110.91796875,3.80859375,2789.00184222,1191373827.4,8176.92995031,13.7218941988,203.251956458,1594.4670425,212.264150943,1,212.264150943,787.735849057,Viga
3.55859375,60.9765625,48.3203125,1000,2.16796875,86.5234375,48.3203125,1000,85.91796875,2.80859375,2868.50597254,536909348.929,7201.84897106,10.4431492545,274.678251037,1507.301869,208.333333333,1,208.333333333,791.666666667,Viga
2.30859375,83.4765625,55.8203125,1000,2.41796875,64.0234375,55.8203125,1000,117.16796875,2.05859375,2081.36548575,1099185638.66,5535.92070226,9.61878114546,216.385574666,1760.1024326,213.709677419,1,213.709677419,786.290322581,Viga
3.30859375,53.4765625,85.8203125,1000,3.41796875,94.0234375,85.8203125,1000,92.16796875,3.05859375,2606.74059936,1024174545.54,5646.54111829,16.6486386598,156.573798773,1290.5963503,205.882352941,1,205.882352941,794.117647059,Viga
2.80859375,68.4765625,40.8203125,1000,2.91796875,79.0234375,40.8203125,1000,104.66796875,3.55859375,2479.11402506,910663245.807,5487.23997731,10.269579349,241.403658398,1402.7349624,214.285714286,1,214.285714286,785.714285714,Viga
3.80859375,98.4765625,70.8203125,1000,3.91796875,49.0234375,70.8203125,1000,79.66796875,2.55859375,3984.20557929,895333240.436,8275.02757171,16.8452664285,236.517813251,791.352255,128.6914,1,0,1000,Cartela
2.18359375,94.7265625,89.5703125,1000,2.79296875,90.2734375,89.5703125,1000,114.04296875,2.43359375,2227.02672839,877131858.131,8219.4221273,14.3340938515,155.365714182,1414.0645075,196.78778281,1,0,1000,Cartela
3.18359375,64.7265625,59.5703125,1000,3.79296875,60.2734375,59.5703125,1000,89.04296875,3.43359375,2737.00999749,1027012995.51,5661.23978043,12.9952799168,210.615701626,1366.1267754,181.818181818,1,181.818181818,818.181818182,Viga
2.68359375,49.7265625,74.5703125,1000,2.29296875,45.2734375,74.5703125,1000,101.54296875,3.93359375,1543.85971623,1114375181.5,3527.53321936,9.80915389746,157.389692564,1272.5622035,170.454545455,1,170.454545455,829.545454545,Viga
3.68359375,79.7265625,44.5703125,1000,3.29296875,75.2734375,44.5703125,1000,76.54296875,2.93359375,4243.0966094,536106132.149,10959.3800174,12.8638010028,329.847811583,2162.9885968,151.8164,1,0,1000,Cartela
2.43359375,57.2265625,67.0703125,1000,3.04296875,52.7734375,67.0703125,1000,95.29296875,2.18359375,1499.39169621,1145082986.53,3611.40250291,10.3084885462,145.452137769,1275.7608142,170.454545455,1,170.454545455,829.545454545,Viga
3.43359375,87.2265625,97.0703125,1000,2.04296875,82.7734375,97.0703125,1000,70.29296875,3.18359375,4331.29413345,950544038.148,9538.37564328,15.5668833254,278.237720609,691.9344326,82.7734,1,0,1000,Cartela
2.93359375,72.2265625,52.0703125,1000,3.54296875,97.7734375,52.0703125,1000,107.79296875,3.68359375,2947.02490203,1176198004.04,6212.50063797,13.9610063085,211.089719244,1420.392887,241.525423729,1,241.525423729,758.474576271,Viga
3.93359375,42.2265625,82.0703125,1000,2.54296875,67.7734375,82.0703125,1000,82.79296875,2.68359375,2232.62193655,630505215.272,4929.31252285,13.3167110211,167.655657093,1065.0544897,177.966101695,1,177.966101695,822.033898305,Viga
2.12109375,74.1015625,76.4453125,1000,3.48046875,84.6484375,76.4453125,1000,90.60546875,2.87109375,1613.02444393,1041037779.61,4728.3546754,13.7003291628,117.73618172,1263.7020828,187.5,1,187.5,812.5,Viga
3.12109375,44.1015625,46.4453125,1000,2.48046875,54.6484375,46.4453125,1000,115.60546875,3.87109375,1477.3158487,491591201.343,3601.89941624,8.51168977305,173.563168782,977.9595869,202.380952381,1,202.380952381,797.619047619,Viga
2.62109375,59.1015625,91.4453125,1000,3.98046875,69.6484375,91.4453125,1000,78.10546875,3.37109375,1853.38666636,1130689174.44,5000.20300204,15.9780626716,115.995706391,1004.7961375,163.461538462,1,163.461538462,836.538461538,Viga
3.62109375,89.1015625,61.4453125,1000,2.98046875,99.6484375,61.4453125,1000,103.10546875,2.37109375,5532.75499944,1258293376.12,11584.2655772,15.7709470072,350.819452816,1576.4588764,240.384615385,1,240.384615385,759.615384615,Viga
2.37109375,51.6015625,53.9453125,1000,2.73046875,62.1484375,53.9453125,1000,71.85546875,2.62109375,1228.0135655,1019526087.23,2689.41940431,8.71430891321,140.919214332,1082.9497592,157.534246575,1,157.534246575,842.465753425,Viga
3.37109375,81.6015625,83.9453125,1000,3.73046875,92.1484375,83.9453125,1000,96.85546875,3.62109375,4388.86863248,1164743758.02,10203.2683725,18.8750722889,232.521950926,1284.5678276,218.085106383,1,218.085106383,781.914893617,Viga
2.87109375,96.6015625,68.9453125,1000,2.23046875,77.1484375,68.9453125,1000,84.35546875,3.12109375,3195.47575782,841750014.641,8739.94034835,12.5390733392,254.84146008,1432.1323606,161.5039,1,0,1000,Cartela
3.87109375,66.6015625,98.9453125,1000,3.23046875,47.1484375,98.9453125,1000,109.35546875,2.12109375,4397.15575196,981625490.942,9712.61092426,17.1266992696,256.742743173,2085.0883716,206.730769231,1,206.730769231,793.269230769,Viga
2.24609375,62.8515625,80.1953125,1000,2.10546875,95.8984375,80.1953125,1000,74.98046875,2.99609375,1482.06512134,1054398408.14,4240.40149252,10.9000073005,135.969186119,1080.0708325,181.37254902,1,181.37254902,818.62745098,Viga
3.24609375,92.8515625,50.1953125,1000,3.10546875,65.8984375,50.1953125,1000,99.98046875,3.99609375,4608.89324371,1227227593.52,9904.8850116,12.8530312599,358.584146456,1732.8490405,205.64516129,1,205.64516129,794.35483871,Viga
2.74609375,77.8515625,95.1953125,1000,2.60546875,50.8984375,95.1953125,1000,87.48046875,3.49609375,2923.20529309,732561731.044,7027.95873371,13.5201570584,216.210897585,986.7729323,138.3789,1,0,1000,Cartela
3.74609375,47.8515625,65.1953125,1000,3.60546875,80.8984375,65.1953125,1000,112.48046875,2.49609375,2438.58091267,667069050.789,5562.32868476,14.520825746,167.936793357,1645.3578937,229.838709677,1,229.838709677,770.161290323,Viga
2.49609375,85.3515625,42.6953125,1000,3.85546875,43.3984375,42.6953125,1000,93.73046875,2.74609375,2520.52371291,1120800352.19,5713.59678701,9.87835959484,255.156100435,2500.332627,180,1,180,820,Viga
3.49609375,55.3515625,72.6953125,1000,2.85546875,73.3984375,72.6953125,1000,118.73046875,3.74609375,2840.54595499,945218332.93,6032.65230314,13.7115853106,207.163934049,1236.4719289,220.338983051,1,220.338983051,779.661016949,Viga
2.99609375,40.3515625,57.6953125,1000,3.35546875,88.3984375,57.6953125,1000,81.23046875,3.24609375,1343.43947864,682340499.164,2963.66167265,12.01003903,111.859709638,1383.9928787,196.96969697,1,196.96969697,803.03030303,Viga
3.99609375,70.3515625,87.6953125,1000,2.35546875,58.3984375,87.6953125,1000,106.23046875,2.24609375,4800.90289501,1006074016.76,10060.4009581,15.0740395117,318.48814588,1564.3435966,202.830188679,1,202.830188679,797.169811321,Viga
2.001953125,85.17578125,84.47265625,1000,3.408203125,99.35546875,84.47265625,1000,116.337890625,3.630859375,1790.16640397,900130335.59,6347.24334882,15.4600139949,115.793323639,1428.9714392,233.695652174,1,233.695652174,766.304347826,Viga
