m1,a1,b1,l1,m2,a2,b2,l2,c,e_cartela,energy,stress,force,mass_kg,energy_per_mass,sim_time_s,y_max_stress_mm,valid_ansys,pivot_height_mm,lever_arm_mm,modo_fallo
3,70,70,1000,3,70,70,1000,95,3,2822.569532,1125301760,6380.611038,13.0568152,216.1759578,1257.802863,181.0344828,1,181.0344828,818.9655172,Viga
2.5,85,55,1000,2.5,85,55,1000,82.5,3.5,2472.303024,1269003834,6101.928686,10.96080863,225.5584517,1817.391808,206.8965517,1,206.8965517,793.1034483,Viga
3.5,55,85,1000,3.5,55,85,1000,107.5,2.5,2834.480594,1000321211,5923.309858,15.09709304,187.7500911,1110.036781,185.3448276,1,185.3448276,814.6551724,Viga
2.25,77.5,77.5,1000,3.75,92.5,77.5,1000,88.75,2.25,1985.057907,1037811786,5862.39925,15.19452535,130.6429692,1344.814154,185,1,185,815,Viga
3.25,47.5,47.5,1000,2.75,62.5,47.5,1000,113.75,3.25,1763.223406,510538783.2,4322.471631,9.552553249,184.5813742,1110.234278,208.8607595,1,208.8607595,791.1392405,Viga
2.75,62.5,92.5,1000,3.25,47.5,92.5,1000,76.25,3.75,2258.375107,1090865297,5188.179405,13.73127949,164.469386,1022.791437,122.7272727,1,0,1000,Cartela
3.75,92.5,62.5,1000,2.25,77.5,62.5,1000,101.25,2.75,6074.046874,1070165621,12891.27158,13.88509906,437.4507412,2754.887603,227.2727273,1,227.2727273,772.7272727,Viga
2.125,96.25,51.25,1000,3.375,58.75,51.25,1000,91.875,2.125,1354.047323,842538955.5,5448.762582,10.50202392,128.9320357,2034.752071,150.625,1,0,1000,Cartela
3.125,66.25,81.25,1000,2.375,88.75,81.25,1000,116.875,3.125,3073.690626,1259100008,6892.001198,13.75637116,223.437605,1176.29697,225.4901961,1,225.4901961,774.5098039,Viga
2.625,51.25,66.25,1000,3.875,73.75,66.25,1000,79.375,3.625,1523.335251,1106872619,3320.030396,13.06277071,116.6165498,1155.462466,174.6031746,1,174.6031746,825.3968254,Viga
3.625,81.25,96.25,1000,2.875,43.75,96.25,1000,104.375,2.625,4919.87343,893865142.7,10363.18584,16.26630951,302.4578763,968.7013408,148.125,1,0,1000,Cartela
2.375,58.75,73.75,1000,2.625,81.25,73.75,1000,73.125,2.375,1509.170123,1217469327,3954.774783,11.17693541,135.0253953,1330.161139,174.1071429,1,174.1071429,825.8928571,Viga
3.375,88.75,43.75,1000,3.625,51.25,43.75,1000,98.125,3.375,4356.840373,718766432.6,10012.74683,12.07319367,360.8689211,2561.344681,149.375,1,0,1000,Cartela
2.875,73.75,88.75,1000,2.125,66.25,88.75,1000,85.625,3.875,2856.425382,1315994835,7316.383327,12.65462716,225.7218127,1089.124845,156.8627451,1,156.8627451,843.1372549,Viga
3.875,43.75,58.75,1000,3.125,96.25,58.75,1000,110.625,2.875,2159.795498,524096844.5,5174.506899,13.54602967,159.4412201,1393.157805,246.031746,1,246.031746,753.968254,Viga
2.0625,71.875,68.125,1000,2.8125,53.125,68.125,1000,118.4375,2.5625,1381.774004,1058421647,4134.38867,10.01707205,137.9419053,1540.754625,193.5483871,1,193.5483871,806.4516129,Viga
3.0625,41.875,98.125,1000,3.8125,83.125,98.125,1000,93.4375,3.5625,1738.755538,942643789.1,4130.767543,17.43618502,99.72109929,848.3201244,200,1,200,800,Viga
2.5625,56.875,53.125,1000,2.3125,98.125,53.125,1000,105.9375,3.0625,1708.868678,1134530008,3655.241878,10.00379987,170.8219576,1438.162615,229.8387097,1,229.8387097,770.1612903,Viga
3.5625,86.875,83.125,1000,3.3125,68.125,83.125,1000,80.9375,2.0625,4062.112455,770414748.8,8733.567608,16.89131849,240.4852207,782.2674387,149.0625,1,0,1000,Cartela
2.3125,49.375,90.625,1000,3.0625,90.625,90.625,1000,99.6875,2.8125,1304.681446,1065487905,3666.269059,13.83666688,94.2915991,983.7832781,210,1,210,790,Viga
3.3125,79.375,60.625,1000,2.0625,60.625,60.625,1000,74.6875,3.8125,3866.433958,939912598.7,8555.28505,11.08757678,348.7176715,1420.290535,5.537401863,1,0,1000,Cartela
2.8125,94.375,75.625,1000,3.5625,45.625,75.625,1000,112.1875,3.3125,2916.661638,877042408.6,8952.196377,14.28061073,204.2392789,1564.999906,157.8125,1,0,1000,Cartela
3.8125,64.375,45.625,1000,2.5625,75.625,45.625,1000,87.1875,2.3125,3193.366912,528568028.8,8338.323044,11.03975437,289.260685,1080.21539,162.8125,1,0,1000,Cartela
2.1875,68.125,56.875,1000,3.6875,64.375,56.875,1000,96.5625,2.6875,1465.669821,1202188712,3731.263901,11.09593582,132.0906902,1248.663806,180.7692308,1,180.7692308,819.2307692,Viga
3.1875,98.125,86.875,1000,2.6875,94.375,86.875,1000,71.5625,3.6875,4162.388973,792055735.3,10976.61926,16.76263851,248.3134722,866.6121993,165.9375,1,0,1000,Cartela
2.6875,83.125,41.875,1000,3.1875,79.375,41.875,1000,109.0625,3.1875,2927.191135,1267621037,6464.013194,11.25543788,260.0690586,2010.724408,226.9230769,1,226.9230769,773.0769231,Viga
3.6875,53.125,71.875,1000,2.1875,49.375,71.875,1000,84.0625,2.1875,2657.513093,739278287.5,5743.56328,11.09175121,239.5936443,1266.691283,165.3846154,1,165.3846154,834.6153846,Viga
2.4375,90.625,94.375,1000,2.4375,71.875,94.375,1000,115.3125,2.9375,2560.752084,1105714897,8789.939899,13.73028974,186.5038636,1056.082645,239.1304348,1,239.1304348,760.8695652,Viga
3.4375,60.625,64.375,1000,3.4375,41.875,64.375,1000,90.3125,3.9375,2814.391499,861168896.4,5912.229886,12.24444915,229.850397,839.2693127,171.4285714,1,171.4285714,828.5714286,Viga
2.9375,45.625,79.375,1000,2.9375,56.875,79.375,1000,102.8125,3.4375,1660.336988,1001918061,3688.057638,12.10329158,137.1806155,962.7074523,177.4193548,1,177.4193548,822.5806452,Viga
3.9375,75.625,49.375,1000,3.9375,86.875,49.375,1000,77.8125,2.4375,4465.09035,561464671.8,11451.47199,15.39632232,290.0101893,1682.279936,164.6875,1,0,1000,Cartela
2.03125,87.8125,87.8125,1000,3.90625,80.3125,87.8125,1000,106.71875,3.84375,1775.887172,891423935.1,6716.407405,16.04618799,110.6734617,1303.006391,244.6808511,1,244.6808511,755.3191489,Viga
3.03125,57.8125,57.8125,1000,2.90625,50.3125,57.8125,1000,81.71875,2.84375,2128.52944,909349539.5,4422.684332,10.18054752,209.0780909,857.6312347,166.6666667,1,166.6666667,833.3333333,Viga
2.53125,42.8125,72.8125,1000,3.40625,65.3125,72.8125,1000,119.21875,2.34375,1224.389026,1025534246,2820.649216,11.90336203,102.8607736,1441.419747,203.125,1,203.125,796.875,Viga
3.53125,72.8125,42.8125,1000,2.40625,95.3125,42.8125,1000,94.21875,3.34375,3692.623756,537921959.3,9620.330946,11.43764261,322.8483248,1649.155534,222.65625,1,222.65625,777.34375,Viga
2.28125,65.3125,65.3125,1000,2.15625,57.8125,65.3125,1000,112.96875,3.59375,1556.950143,1267888212,4031.876678,9.191397845,169.3920957,1435.646989,183.59375,1,183.59375,816.40625,Viga
3.28125,95.3125,95.3125,1000,3.15625,87.8125,95.3125,1000,87.96875,2.59375,4727.391708,782290325.3,11140.41852,18.6424345,253.5823155,998.839722,175.7813,1,0,1000,Cartela
2.78125,80.3125,50.3125,1000,2.65625,72.8125,50.3125,1000,100.46875,2.09375,2906.343222,1260658133,6419.871618,10.65730455,272.7090333,1850.921408,207.03125,1,207.03125,792.96875,Viga
3.78125,50.3125,80.3125,1000,3.65625,42.8125,80.3125,1000,75.46875,3.09375,2653.083143,696383436.5,5861.385566,14.30000403,185.5302374,1185.647691,140.625,1,140.625,859.375,Viga
2.15625,54.0625,99.0625,1000,2.53125,99.0625,99.0625,1000,109.84375,3.96875,79.13510143,285265294.4,4308.599932,13.56527204,5.833653848,328.0146167,208.9063,1,0,1000,Cartela
3.15625,84.0625,69.0625,1000,3.53125,69.0625,69.0625,1000,84.84375,2.96875,3849.742567,1290277395,8770.47198,14.90187871,258.3394109,1573.915556,200,1,200,800,Viga
2.65625,99.0625,84.0625,1000,2.03125,54.0625,84.0625,1000,97.34375,2.46875,2395.623694,776074294.4,7344.795991,12.09835358,198.0123724,1312.060843,151.4063,1,0,1000,Cartela
3.65625,69.0625,54.0625,1000,3.03125,84.0625,54.0625,1000,72.34375,3.46875,3652.8599,736611056.1,8514.891007,13.2258769,276.1903749,1423.531444,197.5806452,1,197.5806452,802.4193548,Viga
2.40625,76.5625,61.5625,1000,3.28125,46.5625,61.5625,1000,103.59375,3.71875,1989.653412,1157093364,5263.541979,10.84475369,183.4669065,1432.551094,176.9230769,1,176.9230769,823.0769231,Viga
3.40625,46.5625,91.5625,1000,2.28125,76.5625,91.5625,1000,78.59375,2.71875,2223.09356,880964784.3,4857.690355,13.22925372,168.0437617,1035.128754,179.245283,1,179.245283,820.754717,Viga
2.90625,61.5625,46.5625,1000,3.78125,91.5625,46.5625,1000,116.09375,2.21875,2338.168667,985033421.2,5056.608458,12.78698192,182.8553979,1667.26748,242.3076923,1,242.3076923,757.6923077,Viga
3.90625,91.5625,76.5625,1000,2.78125,61.5625,76.5625,1000,91.09375,3.21875,5579.845755,892091144.2,11782.31338,16.07876285,347.0320327,857.6854899,152.6563,1,0,1000,Cartela
2.09375,55.9375,82.1875,1000,3.21875,74.6875,82.1875,1000,83.28125,3.28125,1138.330409,1012556041,3391.453049,12.43323138,91.55547529,1062.374068,177.2727273,1,177.2727273,822.7272727,Viga
3.09375,85.9375,52.1875,1000,2.21875,44.6875,52.1875,1000,108.28125,2.28125,3387.265663,922070028.2,8114.208267,9.981692541,339.3478259,2040.702891,152.9687,1,0,1000,Cartela
2.59375,70.9375,97.1875,1000,3.71875,59.6875,97.1875,1000,70.78125,2.78125,2462.606302,743304945.2,5747.223896,15.68194625,157.0344818,1122.448952,130.4687,1,0,1000,Cartela
3.59375,40.9375,67.1875,1000,2.71875,89.6875,67.1875,1000,95.78125,3.78125,1854.09916,605561245.1,4190.851879,12.70173028,145.9721723,1023.04295,217.2131148,1,217.2131148,782.7868852,Viga
2.34375,93.4375,44.6875,1000,2.96875,67.1875,44.6875,1000,77.03125,3.03125,1757.35001062,841471512.306,5997.48449606,10.1049759192,173.909371449,2835.0540954,144.2187,1,0,1000,Cartela
3.34375,63.4375,74.6875,1000,3.96875,97.1875,74.6875,1000,102.03125,2.03125,3182.730463,1111276235,6719.2215,17.45295163,182.3605846,1044.311171,225.9615385,1,225.9615385,774.0384615,Viga
2.84375,48.4375,59.6875,1000,2.46875,82.1875,59.6875,1000,89.53125,2.53125,1615.528275,983459477.9,3340.910482,10.19074482,158.5289695,1074.343463,199.21875,1,199.21875,800.78125,Viga
3.84375,78.4375,89.6875,1000,3.46875,52.1875,89.6875,1000,114.53125,3.53125,5258.576678,1190870603,11215.99067,17.79702967,295.4749627,1273.092241,182.6923077,1,182.6923077,817.3076923,Viga
2.21875,82.1875,70.9375,1000,2.34375,85.9375,70.9375,1000,80.15625,3.40625,1875.315526,1073176992,5484.251781,11.16650049,167.941203,1032.114876,182.6923077,1,182.6923077,817.3076923,Viga
3.21875,52.1875,40.9375,1000,3.34375,55.9375,40.9375,1000,105.15625,2.40625,1830.431287,421289503.1,4734.109089,9.439250035,193.9170252,830.4003588,161.0937,1,0,1000,Cartela
2.71875,67.1875,85.9375,1000,2.84375,40.9375,85.9375,1000,92.65625,2.90625,2336.700342,1211982620,5616.4924,12.16755532,192.0435355,1333.556544,137.9310345,1,137.9310345,862.0689655,Viga
3.71875,97.1875,55.9375,1000,3.84375,70.9375,55.9375,1000,117.65625,3.90625,6361.699793,1177096062,13460.6309,16.40854146,387.7065984,1724.577743,224.137931,1,224.137931,775.862069,Viga
2.46875,44.6875,48.4375,1000,3.59375,48.4375,48.4375,1000,86.40625,3.15625,1085.445966,853699555.5,2265.183078,8.810186956,123.2035111,869.8261348,164.7058824,1,164.7058824,835.2941176,Viga
3.46875,74.6875,78.4375,1000,2.59375,78.4375,78.4375,1000,111.40625,2.15625,4105.755548,1135803038,8976.610451,14.55775365,282.0322178,1532.239137,225.9615385,1,225.9615385,774.0384615,Viga
2.96875,89.6875,63.4375,1000,3.09375,93.4375,63.4375,1000,73.90625,2.65625,3684.599591,1191370859,8719.139753,14.43186013,255.3100956,1800.23117,201.9230769,1,201.9230769,798.0769231,Viga
3.96875,59.6875,93.4375,1000,2.09375,63.4375,93.4375,1000,98.90625,3.65625,3910.654596,959943437,8271.367214,14.72176907,265.6375451,1170.744703,187.5,1,187.5,812.5,Viga
2.015625,79.84375,98.59375,1000,3.046875,62.96875,98.59375,1000,112.578125,2.390625,1618.252498,963697982.9,5959.646995,13.48854759,119.9723312,1414.78494,192.7083333,1,192.7083333,807.2916667,Viga
3.015625,49.84375,68.59375,1000,2.046875,92.96875,68.59375,1000,87.578125,3.390625,1934.567311,951840867.6,4004.90139,10.812607,178.9177496,1107.346477,202.5862069,1,202.5862069,797.4137931,Viga
2.515625,64.84375,83.59375,1000,3.546875,77.96875,83.59375,1000,100.078125,3.890625,1925.880451,1151170352,5286.666334,14.93285281,128.9693588,1393.739347,201.9230769,1,201.9230769,798.0769231,Viga
3.515625,94.84375,53.59375,1000,2.546875,47.96875,53.59375,1000,75.078125,2.890625,2843.60412,996180728,7070.151268,11.9193743,238.5699156,1309.361881,123.0469,1,0,1000,Cartela
2.265625,42.34375,61.09375,1000,2.796875,70.46875,61.09375,1000,106.328125,2.140625,967.5965023,970281808.8,2164.221801,9.393898271,103.0026592,1032.179721,195.6521739,1,195.6521739,804.3478261,Viga
3.265625,72.34375,91.09375,1000,3.796875,40.46875,91.09375,1000,81.328125,3.140625,3387.228995,874180794.6,7338.911275,15.85589105,213.6259,806.6183909,121.7969,1,0,1000,Cartela
2.765625,87.34375,46.09375,1000,2.296875,55.46875,46.09375,1000,118.828125,3.640625,3237.549771,1146574923,7198.676989,9.675414556,334.6161296,1890.47884,217.3913043,1,217.3913043,782.6086957,Viga
3.765625,57.34375,76.09375,1000,3.296875,85.46875,76.09375,1000,93.828125,2.640625,3291.608022,882736091.1,7028.250129,15.85675721,207.5839328,1360.436814,209.0909091,1,209.0909091,790.9090909,Viga
2.140625,61.09375,87.34375,1000,2.421875,51.71875,87.34375,1000,103.203125,2.265625,1293.79419,1086036445,4121.141945,10.36438449,124.830779,1619.611798,174.1071429,1,174.1071429,825.8928571,Viga
3.140625,91.09375,57.34375,1000,3.421875,81.71875,57.34375,1000,78.203125,3.265625,4207.532166,1226723591,9294.461179,14.43201863,291.5414866,1562.37028,200.8928571,1,200.8928571,799.1071429,Viga
2.640625,76.09375,72.34375,1000,2.921875,96.71875,72.34375,1000,115.703125,3.765625,2632.794806,1171457124,6744.74367,14.16800889,185.8267331,1493.139856,225.4901961,1,225.4901961,774.5098039,Viga
3.640625,46.09375,42.34375,1000,3.921875,66.71875,42.34375,1000,90.703125,2.765625,1700.836191,396238944.8,4424.797457,11.1676482,152.3003018,887.8095481,157.4219,1,0,1000,Cartela
2.390625,98.59375,64.84375,1000,3.671875,89.21875,64.84375,1000,109.453125,2.015625,2715.28279,1090246307,8127.630895,14.76129138,183.9461548,2074.693019,235.2941176,1,235.2941176,764.7058824,Viga
3.390625,68.59375,94.84375,1000,2.671875,59.21875,94.84375,1000,84.453125,3.015625,3712.577747,1078951615,7943.024609,15.01477181,247.261683,1134.68031,147.0588235,1,147.0588235,852.9411765,Viga
2.890625,53.59375,49.84375,1000,3.171875,44.21875,49.84375,1000,96.953125,3.515625,1777.007458,789634095.1,3856.695953,9.248197463,192.1463577,941.8021064,176.8292683,1,176.8292683,823.1707317,Viga
3.890625,83.59375,79.84375,1000,2.171875,74.21875,79.84375,1000,71.953125,2.515625,4560.303401,890750530.4,9738.02617,14.87578461,306.5588486,803.5390676,10.60268571,1,0,1000,Cartela
2.078125,47.96875,70.46875,1000,3.859375,61.09375,70.46875,1000,76.640625,2.953125,918.1028764,1107726225,2498.079593,11.54580401,79.51831466,1264.600904,152.34375,1,152.34375,847.65625,Viga
3.078125,77.96875,40.46875,1000,2.859375,91.09375,40.46875,1000,101.640625,3.953125,3444.578162,907908806.6,7851.70937,11.57668055,297.5445462,2164.799949,226.5625,1,226.5625,773.4375,Viga
2.578125,92.96875,85.46875,1000,3.359375,76.09375,85.46875,1000,89.140625,3.453125,2884.762881,1077648362,8535.694955,15.68808437,183.8824175,1237.366904,182.2916667,1,182.2916667,817.7083333,Viga
3.578125,62.96875,55.46875,1000,2.359375,46.09375,55.46875,1000,114.140625,2.453125,3132.142584,731680271.3,7219.210237,10.26200705,305.2173488,1204.343526,198.630137,1,198.630137,801.369863,Viga
2.328125,70.46875,47.96875,1000,2.109375,83.59375,47.96875,1000,82.890625,2.703125,1770.80902,1179075164,4100.279118,8.641276036,204.9244826,1451.084917,199.21875,1,199.21875,800.78125,Viga
3.328125,40.46875,77.96875,1000,3.109375,53.59375,77.96875,1000,107.890625,3.703125,1704.244484,759874258.3,3654.775984,12.64389161,134.7879701,969.1975604,183.59375,1,183.59375,816.40625,Viga
2.828125,55.46875,62.96875,1000,2.609375,68.59375,62.96875,1000,70.390625,3.203125,1849.437221,1036703685,3935.169803,10.46582608,176.7120156,1312.509377,164.0625,1,164.0625,835.9375,Viga
3.828125,85.46875,92.96875,1000,3.609375,98.59375,92.96875,1000,95.390625,2.203125,5957.538235,1212978724,13429.4802,21.08474754,282.5520307,1318.769648,232.9545455,1,232.9545455,767.0454545,Viga
2.203125,89.21875,81.71875,1000,2.734375,42.34375,81.71875,1000,86.015625,2.828125,1279.18553,701351146.9,4983.379598,11.23628401,113.8441791,1219.273945,128.3594,1,0,1000,Cartela
3.203125,59.21875,51.71875,1000,3.734375,72.34375,51.71875,1000,111.015625,3.828125,2524.173975,813296108.7,5642.410176,12.70701217,198.6441771,1409.021313,217.3913043,1,217.3913043,782.6086957,Viga
2.703125,44.21875,96.71875,1000,2.234375,87.34375,96.71875,1000,73.515625,3.328125,1480.417156,1023971214,3783.251229,12.45584096,118.8532481,833.6432357,185,1,185,815,Viga
3.703125,74.21875,66.71875,1000,3.234375,57.34375,66.71875,1000,98.515625,2.328125,4308.287324,1035768440,9024.37567,14.08200997,305.9426413,1616.815645,196.7213115,1,196.7213115,803.2786885,Viga
2.453125,66.71875,44.21875,1000,3.484375,94.84375,44.21875,1000,79.765625,2.578125,1871.11108,1178979486,4045.889783,11.53957625,162.1472954,1873.097303,207.03125,1,207.03125,792.96875,Viga
3.453125,96.71875,74.21875,1000,2.484375,64.84375,74.21875,1000,104.765625,3.578125,5089.397381,992477354,12497.62551,14.74023941,345.2723689,1119.955571,169.6094,1,0,1000,Cartela
2.953125,81.71875,59.21875,1000,3.984375,49.84375,59.21875,1000,92.265625,3.078125,3231.480755,1207613545,7216.373424,12.97689059,249.0181089,1568.8987,187.5,1,187.5,812.5,Viga
3.953125,51.71875,89.21875,1000,2.984375,79.84375,89.21875,1000,117.265625,2.078125,3305.294552,846650472,7120.856484,16.36388191,201.9871917,1104.751552,221.1538462,1,221.1538462,778.8461538,Viga
2.046875,63.90625,52.65625,1000,2.890625,88.28125,52.65625,1000,89.921875,3.734375,1266.331822,1253906966,3181.667576,10.18138345,124.3771859,1240.559276,202.3809524,1,202.3809524,797.6190476,Viga
3.046875,93.90625,82.65625,1000,3.890625,58.28125,82.65625,1000,114.921875,2.734375,4349.466355,1175267717,10783.75403,16.85993815,257.9764123,1867.272563,161.7647059,1,0,1000,Cartela
2.546875,78.90625,67.65625,1000,2.390625,43.28125,67.65625,1000,77.421875,2.234375,1678.633,877420787,4510.744209,9.876179113,169.9678571,1520.847771,120.7031,1,0,1000,Cartela
3.546875,48.90625,97.65625,1000,3.390625,73.28125,97.65625,1000,102.421875,3.234375,2623.027159,917720246.5,5748.971815,17.13042002,153.1210067,1047.768778,200.9803922,1,200.9803922,799.0196078,Viga
2.296875,86.40625,75.15625,1000,3.140625,50.78125,75.15625,1000,71.171875,3.984375,1288.969914,662669017.2,4842.756513,11.95547286,107.8142144,1152.932923,121.9531,1,0,1000,Cartela
3.296875,56.40625,45.15625,1000,2.140625,80.78125,45.15625,1000,96.171875,2.984375,2292.94231,516322230.2,5787.260922,9.364816442,244.8464766,1282.530579,211.2676056,1,211.2676056,788.7323944,Viga
2.796875,41.40625,90.15625,1000,3.640625,95.78125,90.15625,1000,83.671875,2.484375,1456.268439,923954352,3416.817653,16.0875698,90.52134394,851.993209,200.9803922,1,200.9803922,799.0196078,Viga
3.796875,71.40625,60.15625,1000,2.640625,65.78125,60.15625,1000,108.671875,3.484375,4239.511137,884385608.2,9423.213072,12.96792752,326.9227971,1358.127323,214.2857143,1,214.2857143,785.7142857,Viga
2.171875,75.15625,41.40625,1000,3.515625,77.03125,41.40625,1000,74.296875,3.609375,1656.123805,1126780312,3933.868504,10.25525214,161.4903059,1198.527263,181.1594203,1,181.1594203,818.8405797,Viga
3.171875,45.15625,71.40625,1000,2.515625,47.03125,71.40625,1000,99.296875,2.609375,1769.717822,821510504,3737.942681,10.37509205,170.5736983,1096.014447,173.9130435,1,173.9130435,826.0869565,Viga
2.671875,60.15625,56.40625,1000,3.015625,62.03125,56.40625,1000,86.796875,2.109375,1851.385451,1131509324,3980.453523,10.22675183,181.0335756,981.3775271,181.1594203,1,181.1594203,818.8405797,Viga
3.671875,90.15625,86.40625,1000,2.015625,92.03125,86.40625,1000,111.796875,3.109375,5820.343964,1195658822,12786.90716,15.91285294,365.7636996,1472.427567,217.3913043,1,217.3913043,782.6086957,Viga
2.421875,52.65625,78.90625,1000,2.265625,69.53125,78.90625,1000,93.046875,3.859375,1408.896072,1129313169,3671.344093,10.51392562,134.002857,1020.7678,185.3448276,1,185.3448276,814.6551724,Viga
3.421875,82.65625,48.90625,1000,3.265625,99.53125,48.90625,1000,118.046875,2.859375,4621.811428,1026326477,10015.49435,14.47193541,319.3637408,1593.220555,258.6206897,1,258.6206897,741.3793103,Viga
2.921875,97.65625,93.90625,1000,2.765625,84.53125,93.90625,1000,80.546875,2.359375,3408.789971,736251797.5,8720.68385,16.3454798,208.546339,846.1599544,165.0781,1,0,1000,Cartela
3.921875,67.65625,63.90625,1000,3.765625,54.53125,63.90625,1000,105.546875,3.359375,4072.780751,805960555.2,9079.738362,14.71992989,276.6847928,1351.802278,203.125,1,203.125,796.875,Viga
2.109375,95.78125,58.28125,1000,2.203125,97.65625,58.28125,1000,100.859375,3.171875,2062.635509,917355459.6,6556.669233,10.66400216,193.4203948,2069.151192,218.8035067,1,218.8035067,781.1964933,Viga
3.109375,65.78125,88.28125,1000,3.203125,67.65625,88.28125,1000,75.859375,2.171875,3036.055613,1114621195,6839.800743,14.99667915,202.4485276,1168.518807,149.0384615,1,149.0384615,850.9615385,Viga
2.609375,50.78125,43.28125,1000,2.703125,52.65625,43.28125,1000,113.359375,2.671875,1432.442092,770906725.7,3155.267869,7.896792729,181.3954274,834.0926476,194.1176471,1,194.1176471,805.8823529,Viga
3.609375,80.78125,73.28125,1000,3.703125,82.65625,73.28125,1000,88.359375,3.671875,4696.248114,1142357166,10007.75943,17.44567063,269.1927535,1099.130692,211.5384615,1,211.5384615,788.4615385,Viga
2.359375,58.28125,95.78125,1000,3.953125,45.15625,95.78125,1000,119.609375,3.421875,1494.359181,1082721025,4567.64209,14.60798296,102.2974346,1352.111616,190.9090909,1,190.9090909,809.0909091,Viga
3.359375,88.28125,65.78125,1000,2.953125,75.15625,65.78125,1000,94.609375,2.421875,4664.582817,1243932333,10152.40401,14.3693293,324.6207753,2051.256859,204.5454545,1,204.5454545,795.4545455,Viga
2.859375,73.28125,80.78125,1000,3.453125,90.15625,80.78125,1000,107.109375,2.921875,2888.737914,1150045888,7178.857452,16.09606704,179.4685563,1246.85633,210,1,210,790,Viga
3.859375,43.28125,50.78125,1000,2.453125,60.15625,50.78125,1000,82.109375,3.921875,1775.371196,402572868.6,4396.617811,9.704538044,182.9423706,900.2332918,177.2151899,1,177.2151899,822.7848101,Viga
2.234375,47.03125,69.53125,1000,3.328125,78.90625,69.53125,1000,116.484375,3.046875,1115.904945,1093804951,2793.975073,11.93898443,93.46732554,1273.839677,209.0163934,1,209.0163934,790.9836066,Viga
3.234375,77.03125,99.53125,1000,2.328125,48.90625,99.53125,1000,91.484375,2.046875,3569.869759,769440363.3,7512.16797,14.23413143,250.796459,933.4388376,140.3906,1,0,1000,Cartela
2.734375,92.03125,54.53125,1000,3.828125,63.90625,54.53125,1000,103.984375,2.546875,3229.812965,1336375753,7774.181941,13.09174863,246.7060021,1963.798198,209.0163934,1,209.0163934,790.9836066,Viga
3.734375,62.03125,84.53125,1000,2.828125,93.90625,84.53125,1000,78.984375,3.546875,3700.944098,995292947.3,7687.486021,16.26335773,227.5633457,1150.419573,200,1,200,800,Viga
2.484375,84.53125,92.03125,1000,2.578125,56.40625,92.03125,1000,97.734375,3.296875,2539.422437,1000736588,7271.869347,13.06891871,194.3100645,1243.877067,155,1,155,845,Viga
3.484375,54.53125,62.03125,1000,3.578125,86.40625,62.03125,1000,72.734375,2.296875,2528.267177,744553068.9,5536.033083,14.14239826,178.7721665,1599.44392,196.7213115,1,196.7213115,803.2786885,Viga
2.984375,69.53125,77.03125,1000,2.078125,71.40625,77.03125,1000,110.234375,2.796875,2869.983788,1192156311,6712.252816,11.825325,242.6980898,1397.716344,209.0909091,1,209.0909091,790.9090909,Viga
3.984375,99.53125,47.03125,1000,3.078125,41.40625,47.03125,1000,85.234375,3.796875,3845.765922,1045781657,9342.427698,13.03157627,295.111339,870.4484472,126.6406,1,0,1000,Cartela
2.0078125,99.765625,73.046875,1000,2.6171875,74.453125,73.046875,1000,103.7890625,2.6953125,1879.114558,994202575.7,7060.702949,11.62136499,161.6948233,1569.445337,195,1,195,805,Viga
3.0078125,69.765625,43.046875,1000,3.6171875,44.453125,43.046875,1000,78.7890625,3.6953125,2608.995411,721275416.9,6086.159622,9.92071015,262.9847432,1005.787146,162.5,1,162.5,837.5,Viga
2.5078125,54.765625,88.046875,1000,2.1171875,59.453125,88.046875,1000,116.2890625,3.1953125,1608.982433,1202293377,4390.381156,10.88996287,147.7491202,1132.314455,196.4285714,1,196.4285714,803.5714286,Viga
3.5078125,84.765625,58.046875,1000,3.1171875,89.453125,58.046875,1000,91.2890625,2.1953125,4789.166664,1184437002,10033.41822,14.66497365,326.5717878,1617.51311,218.75,1,218.75,781.25,Viga
2.2578125,62.265625,50.546875,1000,3.3671875,66.953125,50.546875,1000,110.0390625,2.9453125,1469.27745,1240255522,3402.362507,10.15630392,144.6665502,1150.416426,207.1428571,1,207.1428571,792.8571429,Viga
3.2578125,92.265625,80.546875,1000,2.3671875,96.953125,80.546875,1000,85.0390625,3.9453125,4577.637536,1200167911,10643.47521,15.45048055,296.2780039,1017.930696,206.5217391,1,206.5217391,793.4782609,Viga
2.7578125,77.265625,65.546875,1000,3.8671875,81.953125,65.546875,1000,97.5390625,3.4453125,2737.051562,1173843218,6466.244617,14.93232545,183.2970739,1364.360939,209.8214286,1,209.8214286,790.1785714,Viga
3.7578125,47.265625,95.546875,1000,2.8671875,51.953125,95.546875,1000,72.5390625,2.4453125,2617.771546,730009523,5679.110285,14.65291394,178.651943,1030.158762,142.8571429,1,142.8571429,857.1428571,Viga
2.1328125,43.515625,84.296875,1000,3.9921875,85.703125,84.296875,1000,113.1640625,2.5703125,971.7666073,1149307527,2741.017048,14.82228974,65.5611666,1147.333405,222.2222222,1,222.2222222,777.7777778,Viga
3.1328125,73.515625,54.296875,1000,2.9921875,55.703125,54.296875,1000,88.1640625,3.5703125,3106.126534,1121436459,6531.865919,11.27226542,275.5547726,1274.376997,176.4705882,1,176.4705882,823.5294118,Viga
2.6328125,88.515625,99.296875,1000,3.4921875,40.703125,99.296875,1000,100.6640625,3.0703125,2274.111561,799934608.8,7063.477603,15.42342018,147.4453483,1126.558577,141.3672,1,0,1000,Cartela
3.6328125,58.515625,69.296875,1000,2.4921875,70.703125,69.296875,1000,75.6640625,2.0703125,2994.531539,841451956.3,6385.679257,12.37176828,242.0455565,1334.632898,179.1666667,1,179.1666667,820.8333333,Viga
2.3828125,81.015625,46.796875,1000,2.2421875,48.203125,46.796875,1000,106.9140625,2.8203125,2139.101647,1350000061,5096.323382,8.199275885,260.8890928,1226.101093,187.5,1,187.5,812.5,Viga
3.3828125,51.015625,76.796875,1000,3.2421875,78.203125,76.796875,1000,81.9140625,3.8203125,2371.145706,921470448.2,5017.822288,14.45664262,164.0177299,1180.753266,184.2105263,1,184.2105263,815.7894737,Viga
2.8828125,66.015625,61.796875,1000,2.7421875,93.203125,61.796875,1000,119.4140625,3.3203125,2575.127994,1142473083,5566.348593,12.60454439,204.3015531,1235.37368,236.8421053,1,236.8421053,763.1578947,Viga
3.8828125,96.015625,91.796875,1000,3.7421875,63.203125,91.796875,1000,94.4140625,2.3203125,5254.889271,789967274.8,11065.63096,20.02818231,262.3747473,795.1458594,157.6172,1,0,1000,Cartela
2.0703125,67.890625,97.421875,1000,2.3046875,80.078125,97.421875,1000,86.6015625,2.1328125,1393.717726,991594808.1,4622.871655,11.81985177,117.9132999,1066.336374,180.8510638,1,180.8510638,819.1489362,Viga
3.0703125,97.890625,67.421875,1000,3.3046875,50.078125,67.421875,1000,111.6015625,3.1328125,3617.072405,955867261.3,10223.29979,13.99408898,258.4714454,1593.552571,161.6797,1,0,1000,Cartela
2.5703125,82.890625,82.421875,1000,2.8046875,65.078125,82.421875,1000,74.1015625,3.6328125,2227.261609,760569423,6584.307206,13.11442023,169.8330212,921.6939427,139.1797,1,0,1000,Cartela
3.5703125,52.890625,52.421875,1000,3.8046875,95.078125,52.421875,1000,99.1015625,2.6328125,2470.711361,579502716.7,6011.600565,14.21391629,173.8234073,1310.406793,230.46875,1,230.46875,769.53125,Viga
2.3203125,90.390625,59.921875,1000,3.5546875,57.578125,59.921875,1000,80.3515625,2.3828125,1489.846473,797850401.4,5248.288901,11.71553733,127.1684287,1687.382977,137.9297,1,0,1000,Cartela
3.3203125,60.390625,89.921875,1000,2.5546875,87.578125,89.921875,1000,105.3515625,3.3828125,3080.810608,1330171203,6814.388022,15.05431041,204.6464118,915.8697014,209.1836735,1,209.1836735,790.8163265,Viga
2.8203125,45.390625,44.921875,1000,3.0546875,72.578125,44.921875,1000,92.8515625,3.8828125,1353.32518,590364890.3,3188.047886,9.53389642,141.9488025,951.9482456,194.8051948,1,194.8051948,805.1948052,Viga
3.8203125,75.390625,74.921875,1000,2.0546875,42.578125,74.921875,1000,117.8515625,2.8828125,4709.918207,1054424448,9754.808569,12.81200916,367.6174554,1397.863493,200,1,200,800,Viga
2.1953125,71.640625,86.171875,1000,3.1796875,98.828125,86.171875,1000,77.2265625,2.0078125,1638.138017,1177184433,5430.158295,14.44817274,113.3802901,1126.671433,223.4042553,1,223.4042553,776.5957447,Viga
3.1953125,41.640625,56.171875,1000,2.1796875,68.828125,56.171875,1000,102.2265625,3.0078125,1506.630773,578915973.8,3430.427054,9.153252833,164.6005852,807.5219391,201.3888889,1,201.3888889,798.6111111,Viga
2.6953125,56.640625,71.171875,1000,3.6796875,53.828125,71.171875,1000,89.7265625,3.5078125,1797.420422,1118739008,4118.527585,12.44705526,144.4052737,1271.383025,164.0625,1,164.0625,835.9375,Viga
3.6953125,86.640625,41.171875,1000,2.6796875,83.828125,41.171875,1000,114.7265625,2.5078125,5127.922447,652486853,13592.5,12.41047567,413.1930624,1922.6227,198.5547,1,0,1000,Cartela
2.4453125,49.140625,63.671875,1000,2.9296875,46.328125,63.671875,1000,83.4765625,2.2578125,1256.960628,989528825,2832.810315,9.190062656,136.773891,840.3971745,152.7777778,1,152.7777778,847.2222222,Viga
3.4453125,79.140625,93.671875,1000,3.9296875,76.328125,93.671875,1000,108.4765625,3.2578125,4412.757251,1222492636,10225.66291,19.64681788,224.6041714,1313.57992,207.4468085,1,207.4468085,792.5531915,Viga
2.9453125,94.140625,48.671875,1000,2.4296875,91.328125,48.671875,1000,70.9765625,3.7578125,3944.462805,1112104161,8764.030749,11.77926782,334.8648546,2121.988599,210.5263158,1,210.5263158,789.4736842,Viga
3.9453125,64.140625,78.671875,1000,3.4296875,61.328125,78.671875,1000,95.9765625,2.7578125,4015.588615,932525177.3,8456.885337,15.95694105,251.6515291,1084.548825,188.5964912,1,188.5964912,811.4035088,Viga
2.0390625,51.953125,55.234375,1000,3.4609375,54.765625,55.234375,1000,73.3203125,3.4140625,949.4298973,1031692878,2304.133002,9.199370292,103.205966,912.7223413,141.8918919,1,141.8918919,858.1081081,Viga
3.0390625,81.953125,85.234375,1000,2.4609375,84.765625,85.234375,1000,98.3203125,2.4140625,3604.993898,1164750128,9034.892635,14.47291895,249.0854756,1714.691055,192.7083333,1,192.7083333,807.2916667,Viga
2.5390625,96.953125,40.234375,1000,3.9609375,99.765625,40.234375,1000,85.8203125,2.9140625,3085.64404,1293830959,7341.588766,13.76000837,224.2472502,2244.960778,224.137931,1,224.137931,775.862069,Viga
3.5390625,66.953125,70.234375,1000,2.9609375,69.765625,70.234375,1000,110.8203125,3.9140625,3611.470409,1039446975,7410.11266,14.17770875,254.728777,1473.676795,211.2068966,1,211.2068966,788.7931034,Viga
2.2890625,74.453125,92.734375,1000,2.7109375,92.265625,92.734375,1000,92.0703125,3.1640625,1891.615821,1048431526,6256.502364,13.99751041,135.1394474,1286.580343,222.826087,1,222.826087,777.173913,Viga
3.2890625,44.453125,62.734375,1000,3.7109375,62.265625,62.734375,1000,117.0703125,2.1640625,1810.150743,680424022.5,3988.844565,12.45486724,145.3368156,925.0388785,210.1449275,1,210.1449275,789.8550725,Viga
2.7890625,59.453125,77.734375,1000,2.2109375,47.265625,77.734375,1000,79.5703125,2.6640625,2074.882561,1101372563,4742.081645,10.26377463,202.1558964,1401.44629,141.1290323,1,141.1290323,858.8709677,Viga
3.7890625,89.453125,47.734375,1000,3.2109375,77.265625,47.734375,1000,104.5703125,3.6640625,5686.498205,796051713.5,13625.38798,14.20554054,400.3014309,1651.352177,221.7741935,1,221.7741935,778.2258065,Viga
2.1640625,85.703125,66.484375,1000,2.0859375,66.015625,66.484375,1000,88.9453125,3.2890625,1810.927293,1068989917,5538.398411,9.64648523,187.729235,1594.136024,162.2807018,1,162.2807018,837.7192982,Viga
3.1640625,55.703125,96.484375,1000,3.0859375,96.015625,96.484375,1000,113.9453125,2.2890625,2690.286193,1081935620,6376.892794,16.7857982,160.2715677,1048.478691,228.7234043,1,228.7234043,771.2765957,Viga
2.6640625,40.703125,51.484375,1000,2.5859375,81.015625,51.484375,1000,76.4453125,2.7890625,1111.735829,705527396.6,2407.657238,9.052172168,122.8142603,982.3954296,187.5,1,187.5,812.5,Viga
3.6640625,70.703125,81.484375,1000,3.5859375,51.015625,81.484375,1000,101.4453125,3.7890625,4107.528398,1117644047,8599.545895,16.04285802,256.0347036,1148.076124,175.4385965,1,175.4385965,824.5614035,Viga
2.4140625,63.203125,88.984375,1000,3.8359375,73.515625,88.984375,1000,70.1953125,3.0390625,1691.666668,1067978221,4846.54754,15.23772999,111.0182861,1196.254602,166.6666667,1,166.6666667,833.3333333,Viga
3.4140625,93.203125,58.984375,1000,2.8359375,43.515625,58.984375,1000,95.1953125,2.0390625,3084.550905,879091718.2,7240.474413,12.37476661,249.2613399,1352.843757,138.7109,1,0,1000,Cartela
2.9140625,78.203125,73.984375,1000,3.3359375,58.515625,73.984375,1000,82.6953125,2.5390625,2977.588255,880502319.1,7032.764831,13.5949817,219.0211301,1006.416777,141.2109,1,0,1000,Cartela
3.9140625,48.203125,43.984375,1000,2.3359375,88.515625,43.984375,1000,107.6953125,3.5390625,2132.432015,408779921.6,5666.852912,10.38025264,205.4316103,1343.9194,196.2109,1,0,1000,Cartela
2.1015625,83.828125,53.359375,1000,3.6484375,41.640625,53.359375,1000,115.5078125,3.9765625,1704.549575,896044876.2,4837.626237,10.10004524,168.7665287,1615.453002,181.1594203,1,181.1594203,818.8405797,Viga
3.1015625,53.828125,83.359375,1000,2.6484375,71.640625,83.359375,1000,90.5078125,2.9765625,2273.57219,1155826425,4992.792397,13.04365967,174.3047771,1160.499393,181.8181818,1,181.8181818,818.1818182,Viga
2.6015625,68.828125,68.359375,1000,3.1484375,86.640625,68.359375,1000,103.0078125,2.4765625,2175.429034,1226657997,5415.675348,13.14118157,165.5428793,1054.766732,204.5454545,1,204.5454545,795.4545455,Viga
3.6015625,98.828125,98.359375,1000,2.1484375,56.640625,98.359375,1000,78.0078125,3.4765625,4312.724033,800506131.4,9527.733893,16.28809685,264.7776516,828.8759016,134.6484,1,0,1000,Cartela
2.3515625,46.328125,75.859375,1000,2.3984375,94.140625,75.859375,1000,96.7578125,3.7265625,1234.783416,1076262143,3055.421015,11.13578106,110.8843116,1148.287725,204.5454545,1,204.5454545,795.4545455,Viga
3.3515625,76.328125,45.859375,1000,3.3984375,64.140625,45.859375,1000,71.7578125,2.7265625,3529.343254,568007276.1,8695.467365,11.79301433,299.2740579,1425.559212,173.9130435,1,173.9130435,826.0869565,Viga
2.8515625,91.328125,90.859375,1000,2.8984375,49.140625,90.859375,1000,109.2578125,2.2265625,3050.228467,790027233.8,8178.505182,14.46215868,210.9110082,1458.983882,158.3984,1,0,1000,Cartela
3.8515625,61.328125,60.859375,1000,3.8984375,79.140625,60.859375,1000,84.2578125,3.2265625,3417.428812,687283836,7914.747528,15.37786153,222.2304321,1654.707177,205.6451613,1,205.6451613,794.3548387,Viga
2.2265625,57.578125,42.109375,1000,2.7734375,60.390625,42.109375,1000,99.8828125,3.8515625,1301.770068,948710176.4,2808.761425,8.032223704,162.0684528,1042.878454,193.75,1,193.75,806.25,Viga
3.2265625,87.578125,72.109375,1000,3.7734375,90.390625,72.109375,1000,74.8828125,2.8515625,4256.956306,1242867178,9791.174686,17.23874542,246.9411898,1193.378991,210,1,210,790,Viga
2.7265625,72.578125,57.109375,1000,2.2734375,75.390625,57.109375,1000,112.3828125,2.3515625,2493.686864,1251017567,5648.669266,10.28583183,242.439008,1311.275028,221.7741935,1,221.7741935,778.2258065,Viga
3.7265625,42.578125,87.109375,1000,3.2734375,45.390625,87.109375,1000,87.3828125,3.3515625,2114.03847,716051680.3,4537.553147,14.10879237,149.8383713,994.2373983,157.2580645,1,157.2580645,842.7419355,Viga
2.4765625,95.078125,79.609375,1000,3.0234375,82.890625,79.609375,1000,118.6328125,3.6015625,2850.600644,1165926503,8890.923436,14.8016535,192.5866353,1410.900049,208.3333333,1,208.3333333,791.6666667,Viga
3.4765625,65.078125,49.609375,1000,2.0234375,52.890625,49.609375,1000,93.6328125,2.6015625,3004.378659,621355909.4,7268.979829,9.321225407,322.3158467,955.2468073,182.4324324,1,182.4324324,817.5675676,Viga
2.9765625,50.078125,94.609375,1000,3.5234375,67.890625,94.609375,1000,106.1328125,2.1015625,2030.765208,1057450066,4907.660602,15.50278345,130.9935867,1148.497212,188.6792453,1,188.6792453,811.3207547,Viga
3.9765625,80.078125,64.609375,1000,2.5234375,97.890625,64.609375,1000,81.1328125,3.1015625,5437.225152,993709933,11729.70812,15.11532636,359.7160275,1223.726249,216.9811321,1,216.9811321,783.0188679,Viga
2.0234375,59.921875,67.890625,1000,3.5703125,96.484375,67.890625,1000,93.2421875,2.8359375,1183.49389,1032935597,3413.083335,13.13812571,90.0808773,1359.617339,213.6363636,1,213.6363636,786.3636364,Viga
3.0234375,89.921875,97.890625,1000,2.5703125,66.484375,97.890625,1000,118.2421875,3.8359375,3954.525659,1228485296,11158.12107,15.96754769,247.6601752,1389.92544,190.2173913,1,190.2173913,809.7826087,Viga
2.5234375,74.921875,52.890625,1000,3.0703125,51.484375,52.890625,1000,80.7421875,3.3359375,2174.285135,1206186970,5006.422176,9.927790446,219.0099747,1172.923049,173.9130435,1,173.9130435,826.0869565,Viga
3.5234375,44.921875,82.890625,1000,2.0703125,81.484375,82.890625,1000,105.7421875,2.3359375,2253.560376,797762564.6,4858.239829,12.32098247,182.9042758,823.0237318,209.0909091,1,209.0909091,790.9090909,Viga
2.2734375,97.421875,90.390625,1000,2.3203125,43.984375,90.390625,1000,74.4921875,2.5859375,1187.8105,751326790,4279.170565,11.5731879,102.6346855,1084.828209,118.4766,1,0,1000,Cartela
3.2734375,67.421875,60.390625,1000,3.3203125,73.984375,60.390625,1000,99.4921875,3.5859375,3113.150622,1108930473,6430.951908,13.408593,232.1757863,1124.342655,205.6451613,1,205.6451613,794.3548387,Viga
2.7734375,52.421875,75.390625,1000,2.8203125,88.984375,75.390625,1000,86.9921875,3.0859375,1812.576268,1181943711,4100.338764,12.76029479,142.0481499,1208.966323,190.9090909,1,190.9090909,809.0909091,Viga
3.7734375,82.421875,45.390625,1000,3.8203125,58.984375,45.390625,1000,111.9921875,2.0859375,4691.665077,617557076.6,11843.23781,13.24991663,354.0901582,1579.752506,170.9766,1,0,1000,Cartela
2.1484375,78.671875,56.640625,1000,2.9453125,77.734375,56.640625,1000,71.3671875,2.9609375,1645.489593,1105069912,4606.346868,10.61167377,155.0640953,1694.91475,179.1666667,1,179.1666667,820.8333333,Viga
3.1484375,48.671875,86.640625,1000,3.9453125,47.734375,86.640625,1000,96.3671875,3.9609375,2020.148177,949999633.2,4464.286399,14.86771527,135.8748227,1227.134651,162.5,1,162.5,837.5,Viga
2.6484375,63.671875,41.640625,1000,2.4453125,62.734375,41.640625,1000,83.8671875,3.4609375,1962.350383,925612157.4,4257.666528,8.303237979,236.3355583,1414.183626,181.8181818,1,181.8181818,818.1818182,Viga
3.6484375,93.671875,71.640625,1000,3.4453125,92.734375,71.640625,1000,108.8671875,2.4609375,5986.462715,1206571620,13018.74072,18.01167726,332.3656441,1480.620412,250,1,250,750,Viga
2.3984375,41.171875,94.140625,1000,3.1953125,55.234375,94.140625,1000,90.1171875,2.7109375,1033.601868,923568749.3,2991.779705,12.51567907,82.58456149,1013.099359,188.5964912,1,188.5964912,811.4035088,Viga
3.3984375,71.171875,64.140625,1000,2.1953125,85.234375,64.140625,1000,115.1171875,3.7109375,3703.301965,1126788233,7644.83125,12.54422444,295.2196833,1495.536785,236.8421053,1,236.8421053,763.1578947,Viga
2.8984375,86.171875,79.140625,1000,3.6953125,70.234375,79.140625,1000,77.6171875,3.2109375,3111.041109,854045974.1,8154.322608,15.86695071,196.0705095,1052.175761,147.8516,1,0,1000,Cartela
3.8984375,56.171875,49.140625,1000,2.6953125,40.234375,49.140625,1000,102.6171875,2.2109375,2640.700637,481165209.1,6719.386631,9.828867061,268.6678557,886.1809583,142.8516,1,0,1000,Cartela
2.0859375,91.796875,43.515625,1000,3.2578125,87.109375,43.515625,1000,97.9296875,2.2734375,1900.625677,1017852568,5160.180399,10.92126018,174.0298871,1595.345393,204.9180328,1,204.9180328,795.0819672,Viga
3.0859375,61.796875,73.515625,1000,2.2578125,57.109375,73.515625,1000,72.9296875,3.2734375,2517.04455,1124450478,5392.669729,11.0584546,227.6126857,1218.005375,147.5409836,1,147.5409836,852.4590164,Viga
2.5859375,46.796875,58.515625,1000,3.7578125,42.109375,58.515625,1000,110.4296875,3.7734375,1305.673896,947312886,2756.942598,10.19070718,128.1239735,690.4326512,173.0769231,1,173.0769231,826.9230769,Viga
3.5859375,76.796875,88.515625,1000,2.7578125,72.109375,88.515625,1000,85.4296875,2.7734375,4434.890362,1148905344,9881.264262,16.01066202,276.996064,1010.104759,190,1,190,810,Viga
2.3359375,69.296875,81.015625,1000,2.5078125,49.609375,81.015625,1000,116.6796875,2.0234375,1747.52123,1184716641,5227.39624,10.71530649,163.0864439,1679.825003,179.8245614,1,179.8245614,820.1754386,Viga
3.3359375,99.296875,51.015625,1000,3.5078125,79.609375,51.015625,1000,91.6796875,3.0234375,4850.54637419,835347687.531,11421.296154,14.6869286304,330.262813707,4478.1343501,171.2891,1,0,1000,Cartela
2.8359375,84.296875,96.015625,1000,2.0078125,94.609375,96.015625,1000,104.1796875,3.5234375,3321.305534,1071109689,9778.228149,14.34948181,231.4582211,1182.194155,255.6818182,1,255.6818182,744.3181818,Viga
3.8359375,54.296875,66.015625,1000,3.0078125,64.609375,66.015625,1000,79.1796875,2.5234375,2833.749525,651420827.1,6400.729343,12.93861372,219.0149259,1529.235348,183.59375,1,183.59375,816.40625,Viga
2.2109375,50.546875,54.765625,1000,2.1328125,75.859375,54.765625,1000,119.8046875,2.3984375,1128.387404,1272394872,2561.829824,8.17810105,137.976701,1450.6007,213.2352941,1,213.2352941,786.7647059,Viga
3.2109375,80.546875,84.765625,1000,3.1328125,45.859375,84.765625,1000,94.8046875,3.3984375,4054.580399,1121647830,8605.994945,14.6694325,276.3965408,1172.815164,136.3636364,1,0,1000,Cartela
2.7109375,95.546875,69.765625,1000,2.6328125,60.859375,69.765625,1000,107.3046875,3.8984375,3299.276509,1103022718,8850.836211,12.66320993,260.5402995,1933.874017,172.7272727,1,172.7272727,827.2727273,Viga
3.7109375,65.546875,99.765625,1000,3.6328125,90.859375,99.765625,1000,82.3046875,2.8984375,4055.103189,1169877231,8959.351066,20.07512262,201.9964344,1019.483033,194.4444444,1,194.4444444,805.5555556,Viga
2.4609375,73.046875,77.265625,1000,3.8828125,68.359375,77.265625,1000,101.0546875,2.1484375,2086.565758,1048934547,5811.900514,14.37969008,145.1050576,1448.085926,181.8181818,1,181.8181818,818.1818182,Viga
3.4609375,43.046875,47.265625,1000,2.8828125,98.359375,47.265625,1000,76.0546875,3.1484375,1600.728807,441824525.5,3985.125895,11.12976299,143.8241594,1279.031499,209.5588235,1,209.5588235,790.4411765,Viga
2.9609375,58.046875,92.265625,1000,3.3828125,83.359375,92.265625,1000,113.5546875,3.6484375,2441.266807,1226128215,5958.003916,16.47394104,148.1896045,1221.835359,220,1,220,780,Viga
3.9609375,88.046875,62.265625,1000,2.3828125,53.359375,62.265625,1000,88.5546875,2.6484375,4753.535062,894199073.7,10275.15399,13.32712246,356.6812774,1112.730235,141.9141,1,0,1000,Cartela
2.0546875,75.859375,83.828125,1000,2.4765625,61.796875,83.828125,1000,109.6484375,3.0546875,1658.099242,950556215.7,5250.184955,11.08845418,149.5338499,1526.324496,193.3962264,1,193.3962264,806.6037736,Viga
3.0546875,45.859375,53.828125,1000,3.4765625,91.796875,53.828125,1000,84.6484375,2.0546875,1627.490138,696282336.3,3624.528229,12.27647017,132.5698768,1296.680268,208.3333333,1,208.3333333,791.6666667,Viga
2.5546875,60.859375,98.828125,1000,2.9765625,76.796875,98.828125,1000,97.1484375,2.5546875,1893.913573,1164258806,5524.470292,14.59071353,129.80267,1417.516754,187.5,1,187.5,812.5,Viga
3.5546875,90.859375,68.828125,1000,3.9765625,46.796875,68.828125,1000,72.1484375,3.5546875,3190.948143,1036986098,7492.025966,15.57865073,204.8282741,937.9759536,118.9453,1,0,1000,Cartela
2.3046875,53.359375,46.328125,1000,3.7265625,84.296875,46.328125,1000,103.3984375,3.3046875,1290.248449,1128411789,2758.956067,11.09986739,116.2399878,805.5943334,221.4285714,1,221.4285714,778.5714286,Viga
3.3046875,83.359375,76.328125,1000,2.7265625,54.296875,76.328125,1000,78.3984375,2.3046875,3182.612563,845641394.7,6865.108324,13.56488269,234.6214586,859.5841131,132.6953,1,0,1000,Cartela
2.8046875,98.359375,61.328125,1000,3.2265625,69.296875,61.328125,1000,115.8984375,2.8046875,3686.640215,1197709512,9343.933419,13.59194472,271.2371402,1617.140466,223.2142857,1,223.2142857,776.7857143,Viga
3.8046875,68.359375,91.328125,1000,2.2265625,99.296875,91.328125,1000,90.8984375,3.8046875,4504.667829,1124969221,9504.492837,16.18974357,278.242074,1275.814421,217.3913043,1,217.3913043,782.6086957,Viga
2.1796875,64.609375,72.578125,1000,3.1015625,43.046875,72.578125,1000,106.5234375,3.1796875,1382.779208,1140440358,3979.858357,10.43000215,132.577078,1577.751694,171.875,1,171.875,828.125,Viga
3.1796875,94.609375,42.578125,1000,2.1015625,73.046875,42.578125,1000,81.5234375,2.1796875,3027.347162,897996390.5,7529.256877,10.40519596,290.9457134,2344.822206,154.5703,1,0,1000,Cartela
2.6796875,79.609375,87.578125,1000,3.6015625,88.046875,87.578125,1000,119.0234375,2.6796875,2854.01002,952374223,7998.400714,16.93984856,168.4790752,1450.964797,223.4042553,1,223.4042553,776.5957447,Viga
3.6796875,49.609375,57.578125,1000,2.6015625,58.046875,57.578125,1000,94.0234375,3.6796875,2262.835269,538296633.5,5335.576025,10.75390217,210.4199233,1339.361989,187.5,1,187.5,812.5,Viga
2.4296875,87.109375,50.078125,1000,2.8515625,95.546875,50.078125,1000,112.7734375,3.4296875,2532.684189,1119100012,6392.63133,11.86957424,213.3761614,1942.766503,241.2280702,1,241.2280702,758.7719298,Viga
3.4296875,57.109375,80.078125,1000,3.8515625,65.546875,80.078125,1000,87.7734375,2.4296875,2809.055299,996831898.4,5851.680688,15.69436458,178.9849652,1031.57854,175.4385965,1,175.4385965,824.5614035,Viga
2.9296875,42.109375,65.078125,1000,2.3515625,50.546875,65.078125,1000,100.2734375,2.9296875,1411.281472,791591702.2,2980.165595,9.199444121,153.4094292,1016.206156,173.6111111,1,173.6111111,826.3888889,Viga
3.9296875,72.109375,95.078125,1000,3.3515625,80.546875,95.078125,1000,75.2734375,3.9296875,4971.35948,1069853989,10350.37438,19.20565011,258.8487998,859.4039487,170.212766,1,170.212766,829.787234,Viga
2.1171875,43.984375,85.703125,1000,2.6640625,63.671875,85.703125,1000,79.9609375,3.6171875,913.0691444,1119266544,2572.619624,10.65176055,85.72002164,895.9990098,163.7931034,1,163.7931034,836.2068966,Viga
3.1171875,73.984375,55.703125,1000,3.6640625,93.671875,55.703125,1000,104.9609375,2.6171875,3331.994895,1186338472,6977.298721,14.60945122,228.071188,1306.205043,237.0689655,1,237.0689655,762.9310345,Viga
2.6171875,88.984375,70.703125,1000,2.1640625,78.671875,70.703125,1000,92.4609375,2.1171875,2906.580309,1134489711,7830.549708,11.57038638,251.2085778,2326.336585,201.9230769,1,201.9230769,798.0769231,Viga
3.6171875,58.984375,40.703125,1000,3.1640625,48.671875,40.703125,1000,117.4609375,3.1171875,2496.442875,432379317.4,6609.225024,9.8789445,252.7034011,889.8297878,166.1328,1,0,1000,Cartela
2.3671875,81.484375,63.203125,1000,3.4140625,71.171875,63.203125,1000,86.2109375,3.8671875,2058.693313,1191708925,5515.638455,12.49760037,164.7270878,1242.656713,181.0344828,1,181.0344828,818.9655172,Viga
3.3671875,51.484375,93.203125,1000,2.4140625,41.171875,93.203125,1000,111.2109375,2.8671875,2476.892415,1025264453,5505.903346,12.8111962,193.3381065,1028.963071,176.7241379,1,176.7241379,823.2758621,Viga
2.8671875,66.484375,48.203125,1000,3.9140625,56.171875,48.203125,1000,73.7109375,2.3671875,2311.484207,1022243131,4874.974464,11.0317997,209.5292037,1046.645536,168.9189189,1,168.9189189,831.0810811,Viga
3.8671875,96.484375,78.203125,1000,2.9140625,86.171875,78.203125,1000,98.7109375,3.3671875,6831.60548,1242113201,14809.07613,17.93641608,380.8790703,1315.525682,234.375,1,234.375,765.625,Viga
2.2421875,92.734375,96.953125,1000,3.7890625,52.421875,96.953125,1000,83.0859375,3.7421875,1456.632035,626028403.1,5775.338207,15.49240075,94.02235703,1004.260393,135.5078,1,0,1000,Cartela
3.2421875,62.734375,66.953125,1000,2.7890625,82.421875,66.953125,1000,108.0859375,2.7421875,2890.297329,1094401560,6013.318852,13.03983666,221.6513446,1209.97755,219.8275862,1,219.8275862,780.1724138,Viga
2.7421875,47.734375,81.953125,1000,3.2890625,97.421875,81.953125,1000,70.5859375,2.2421875,1604.671659,1121790962,3716.735001,14.50197977,110.651903,923.7511507,192.3076923,1,192.3076923,807.6923077,Viga
3.7421875,77.734375,51.953125,1000,2.2890625,67.421875,51.953125,1000,95.5859375,3.2421875,4477.294063,731331301.4,10715.917,11.7166928,382.1295088,1487.95038,200,1,200,800,Viga
2.4921875,55.234375,59.453125,1000,2.0390625,89.921875,59.453125,1000,76.8359375,3.9921875,1507.521732,1071970821,3326.69977,9.331400058,161.5536493,1001.741059,196.7213115,1,196.7213115,803.2786885,Viga
3.4921875,85.234375,89.453125,1000,3.0390625,59.921875,89.453125,1000,101.8359375,2.9921875,5200.027993,1206793820,11231.34611,16.57818663,313.6668749,1194.983811,160,1,0,1000,Cartela
2.9921875,70.234375,44.453125,1000,2.5390625,44.921875,44.453125,1000,89.3359375,2.4921875,2665.853556,829590228.9,6002.38263,8.733011628,305.2616519,1277.049909,170.8860759,1,170.8860759,829.1139241,Viga
3.9921875,40.234375,74.453125,1000,3.5390625,74.921875,74.453125,1000,114.3359375,3.4921875,2139.828293,589579985.1,4824.284507,15.28284742,140.015027,1077.099559,217.2131148,1,217.2131148,782.7868852,Viga
2.00390625,70.1171875,60.7421875,1000,3.81640625,91.4453125,60.7421875,1000,87.67578125,3.25390625,1354.31121,1046537046,3803.351413,13.04099145,103.8503257,1662.842126,197.3684211,1,197.3684211,802.6315789,Viga
3.00390625,40.1171875,90.7421875,1000,2.81640625,61.4453125,90.7421875,1000,112.6757813,2.25390625,1542.438887,926840051,3575.230391,12.84889801,120.0444494,1264.521129,197.3684211,1,197.3684211,802.6315789,Viga
2.50390625,55.1171875,45.7421875,1000,3.31640625,46.4453125,45.7421875,1000,75.17578125,2.75390625,1432.983942,946423159.5,3010.520862,8.449964865,169.5846036,908.4218751,156.626506,1,156.626506,843.373494,Viga
3.50390625,85.1171875,75.7421875,1000,2.31640625,76.4453125,75.7421875,1000,100.1757813,3.75390625,4825.681995,1271788102,10670.25253,14.44168105,334.1496035,1409.394728,206.7307692,1,206.7307692,793.2692308,Viga
2.25390625,47.6171875,98.2421875,1000,2.06640625,53.9453125,98.2421875,1000,81.42578125,3.00390625,1137.63661,1071434688,3397.572956,10.228271,111.2247231,1137.898381,157.4074074,1,157.4074074,842.5925926,Viga
3.25390625,77.6171875,68.2421875,1000,3.06640625,83.9453125,68.2421875,1000,106.4257813,2.00390625,3785.959068,1245751533,8217.896599,14.49012537,261.2785584,1467.090038,222.2222222,1,222.2222222,777.7777778,Viga
2.75390625,92.6171875,83.2421875,1000,2.56640625,98.9453125,83.2421875,1000,93.92578125,2.50390625,3453.628117,1140576657,9753.544893,14.89007206,231.9416658,1530.786471,194.4444444,1,194.4444444,805.5555556,Viga
3.75390625,62.6171875,53.2421875,1000,3.56640625,68.9453125,53.2421875,1000,118.9257813,3.50390625,3385.818286,624332531.4,8284.152621,13.46335651,251.4839656,1391.522313,224.2647059,1,224.2647059,775.7352941,Viga
2.12890625,66.3671875,64.4921875,1000,2.69140625,72.6953125,64.4921875,1000,78.30078125,3.37890625,1374.732475,1081113421,3801.881441,10.15294724,135.4023066,1258.586127,166.6666667,1,166.6666667,833.3333333,Viga
3.12890625,96.3671875,94.4921875,1000,3.69140625,42.6953125,94.4921875,1000,103.3007813,2.37890625,3205.338716,829860577.9,8268.901278,17.04820982,188.0161466,1757.045609,145.9961,1,0,1000,Cartela
2.62890625,81.3671875,49.4921875,1000,2.19140625,57.6953125,49.4921875,1000,90.80078125,2.87890625,2566.051253,1201204934,5843.622018,9.050994608,283.5104168,1554.575218,187.5,1,187.5,812.5,Viga
3.62890625,51.3671875,79.4921875,1000,3.19140625,87.6953125,79.4921875,1000,115.8007813,3.87890625,2840.956047,890825299,6133.978584,15.90387717,178.6329218,1200.74041,226.8518519,1,226.8518519,773.1481481,Viga
2.37890625,88.8671875,86.9921875,1000,3.44140625,65.1953125,86.9921875,1000,84.55078125,3.12890625,2069.628018,774263577.4,6965.852303,14.67231656,141.0566634,1418.894867,149.7461,1,0,1000,Cartela
3.37890625,58.8671875,56.9921875,1000,2.44140625,95.1953125,56.9921875,1000,109.5507813,2.12890625,2815.177951,873949476.4,6179.646666,11.78201369,238.938608,1328.441751,237.5,1,237.5,762.5,Viga
2.87890625,43.8671875,71.9921875,1000,3.94140625,80.1953125,71.9921875,1000,72.05078125,2.62890625,1488.94944,921861219.4,3174.896435,14.16454201,105.1180786,1313.017839,175,1,175,825,Viga
3.87890625,73.8671875,41.9921875,1000,2.94140625,50.1953125,41.9921875,1000,97.05078125,3.62890625,3792.619423,472167984.8,10002.98337,11.0012959,344.7429699,974.6552986,147.2461,1,0,1000,Cartela
2.06640625,41.9921875,47.6171875,1000,3.00390625,93.3203125,47.6171875,1000,101.7382813,3.81640625,811.7448469,1001865556,1755.521511,9.651868635,84.10235133,799.8893229,221.4285714,1,221.4285714,778.5714286,Viga
3.06640625,71.9921875,77.6171875,1000,2.00390625,63.3203125,77.6171875,1000,76.73828125,2.81640625,3189.842512,1196326503,6984.890254,11.53171913,276.6146554,1167.790317,138.3928571,1,0,1000,Cartela
2.56640625,86.9921875,62.6171875,1000,3.50390625,48.3203125,62.6171875,1000,114.2382813,2.31640625,2632.400489,1231473228,6919.952523,11.95987764,220.1026272,2064.581435,197.5806452,1,197.5806452,802.4193548,Viga
3.56640625,56.9921875,92.6171875,1000,2.50390625,78.3203125,92.6171875,1000,89.23828125,3.31640625,3157.510949,995427252,6812.01193,15.01213257,210.3306066,1201.606084,190,1,190,810,Viga
2.31640625,79.4921875,70.1171875,1000,2.75390625,40.8203125,70.1171875,1000,107.9882813,3.56640625,1882.558968,1153821070,5405.087141,10.45708295,180.0271622,1554.607711,161.2903226,1,161.2903226,838.7096774,Viga
3.31640625,49.4921875,40.1171875,1000,3.75390625,70.8203125,40.1171875,1000,82.98828125,2.56640625,1687.250115,394479264.6,4388.920279,10.64974155,158.4310855,980.7824583,157.6109251,1,157.6109251,842.3890749,Viga
2.81640625,64.4921875,85.1171875,1000,2.25390625,85.8203125,85.1171875,1000,95.48828125,2.06640625,2392.381253,1150274032,6069.548026,12.58995937,190.0229526,1304.292078,205,1,205,795,Viga
3.81640625,94.4921875,55.1171875,1000,3.25390625,55.8203125,55.1171875,1000,70.48828125,3.06640625,3845.774684,966456178.5,8223.434778,14.09365683,272.872735,1016.81887,126.3086,1,0,1000,Cartela
2.19140625,98.2421875,43.8671875,1000,2.37890625,82.0703125,43.8671875,1000,111.1132813,3.94140625,2267.316082,1131219231,6299.270081,9.859654628,229.958976,1904.971172,208.3333333,1,208.3333333,791.6666667,Viga
3.19140625,68.2421875,73.8671875,1000,3.37890625,52.0703125,73.8671875,1000,86.11328125,2.94140625,3042.009614,1171298955,6614.406668,13.50184567,225.3032428,1095.584406,154.1666667,1,154.1666667,845.8333333,Viga
2.69140625,53.2421875,58.8671875,1000,2.87890625,67.0703125,58.8671875,1000,98.61328125,2.44140625,1650.032609,1061061014,3511.808414,10.28540928,160.4245942,1104.754934,191.1764706,1,191.1764706,808.8235294,Viga
3.69140625,83.2421875,88.8671875,1000,3.87890625,97.0703125,88.8671875,1000,73.61328125,3.44140625,5310.668379,1125110883,11729.91617,20.79396581,255.3946865,1132.631425,194.4444444,1,194.4444444,805.5555556,Viga
2.44140625,60.7421875,81.3671875,1000,3.62890625,59.5703125,81.3671875,1000,104.8632813,3.69140625,1651.152383,1121504283,4514.087968,13.54443165,121.9063616,1062.588076,175.4385965,1,175.4385965,824.5614035,Viga
3.44140625,90.7421875,51.3671875,1000,2.62890625,89.5703125,51.3671875,1000,79.86328125,2.69140625,5014.727487,1063445347,10776.64949,13.16362538,380.953373,2600.297347,206.1403509,1,206.1403509,793.8596491,Viga
2.94140625,75.7421875,96.3671875,1000,3.12890625,74.5703125,96.3671875,1000,117.3632813,2.19140625,3126.104118,1137614328,8307.147845,16.27812071,192.0433061,1479.644417,207.4468085,1,207.4468085,792.5531915,Viga
3.94140625,45.7421875,66.3671875,1000,2.12890625,44.5703125,66.3671875,1000,92.36328125,3.19140625,2243.544465,529602495.7,5116.811243,10.44607519,214.7739151,963.1237176,173.6111111,1,173.6111111,826.3888889,Viga
2.03515625,57.9296875,74.8046875,1000,2.22265625,68.0078125,74.8046875,1000,115.0195313,2.59765625,1267.10105,1166970522,3360.347206,9.457568688,133.977462,1829.633813,173.7288136,1,0,1000,Cartela
3.03515625,87.9296875,44.8046875,1000,3.22265625,98.0078125,44.8046875,1000,90.01953125,3.59765625,3939.529321,1132014899,8532.127049,13.3255063,295.6382468,2108.619916,233.0508475,1,233.0508475,766.9491525,Viga
2.53515625,72.9296875,89.8046875,1000,2.72265625,83.0078125,89.8046875,1000,102.5195313,3.09765625,2234.872518,1157640182,6724.007135,14.00197348,159.6112521,1360.350225,223.9583333,1,223.9583333,776.0416667,Viga
3.53515625,42.9296875,59.8046875,1000,3.72265625,53.0078125,59.8046875,1000,77.51953125,2.09765625,1710.908656,519961907.7,3913.536707,11.67484838,146.5465418,836.0211306,166.6666667,1,166.6666667,833.3333333,Viga
2.28515625,95.4296875,52.3046875,1000,3.97265625,75.5078125,52.3046875,1000,96.26953125,2.84765625,2343.052688,1291855052,6543.987008,12.97902826,180.5260487,1485.901603,194.9152542,1,194.9152542,805.0847458,Viga
3.28515625,65.4296875,82.3046875,1000,2.97265625,45.5078125,82.3046875,1000,71.26953125,3.84765625,3133.117655,676357626.4,6660.350741,13.37259304,234.2939507,1059.918724,118.6440678,1,118.6440678,881.3559322,Viga
2.78515625,50.4296875,67.3046875,1000,3.47265625,60.5078125,67.3046875,1000,108.7695313,3.34765625,1698.789298,1045052072,3658.806762,12.07748819,140.6575002,1395.226912,189.3939394,1,189.3939394,810.6060606,Viga
3.78515625,80.4296875,97.3046875,1000,2.47265625,90.5078125,97.3046875,1000,83.76953125,2.34765625,5466.434418,1121402886,12266.2805,17.55337066,311.4179336,1350.307472,215.9090909,1,215.9090909,784.0909091,Viga
2.16015625,84.1796875,78.5546875,1000,3.34765625,49.2578125,78.5546875,1000,99.39453125,2.72265625,1854.157324,1106469006,5889.386558,12.1855686,152.1600989,1749.288855,151.7857143,1,151.7857143,848.2142857,Viga
3.16015625,54.1796875,48.5546875,1000,2.34765625,79.2578125,48.5546875,1000,74.39453125,3.72265625,2047.137403,607476429.8,4854.616758,9.632575271,212.5223365,956.9064222,185.7142857,1,185.7142857,814.2857143,Viga
2.66015625,69.1796875,93.5546875,1000,3.84765625,94.2578125,93.5546875,1000,111.8945313,3.22265625,2378.243856,1045304192,6911.55256,18.14635816,131.0590166,1437.169284,266.3043478,1,266.3043478,733.6956522,Viga
3.66015625,99.1796875,63.5546875,1000,2.84765625,64.2578125,63.5546875,1000,86.89453125,2.22265625,4237.562197,777904728.6,9149.80754,14.65862418,289.0832144,884.5220509,151.1523,1,0,1000,Cartela
2.41015625,46.6796875,41.0546875,1000,2.59765625,86.7578125,41.0546875,1000,118.1445313,2.97265625,1187.957976,786975776.6,2582.042991,8.62407299,137.7490633,1165.761883,240,1,240,760,Viga
3.41015625,76.6796875,71.0546875,1000,3.59765625,56.7578125,71.0546875,1000,93.14453125,3.97265625,3904.736631,1136564483,8452.338944,14.91993303,261.7127451,1564.670703,182.2033898,1,182.2033898,817.7966102,Viga
2.91015625,91.6796875,56.0546875,1000,2.09765625,41.7578125,56.0546875,1000,105.6445313,3.47265625,2961.631979,981047084.5,8300.853233,10.09979848,293.2367398,2163.197086,147.4023,1,0,1000,Cartela
3.91015625,61.6796875,86.0546875,1000,3.09765625,71.7578125,86.0546875,1000,80.64453125,2.47265625,3846.264058,918329494.7,8064.999603,16.27981214,236.2597323,1029.895466,179.245283,1,179.245283,820.754717,Viga
2.09765625,86.0546875,95.4296875,1000,2.91015625,58.6328125,95.4296875,1000,75.95703125,2.03515625,1329.710127,679170026,4228.372104,12.86796686,103.3349045,1371.575203,134.5898,1,0,1000,Cartela
3.09765625,56.0546875,65.4296875,1000,3.91015625,88.6328125,65.4296875,1000,100.9570313,3.03515625,2328.589885,1046943921,4805.259698,15.05019948,154.7215297,1367.920564,220.3389831,1,220.3389831,779.6610169,Viga
2.59765625,41.0546875,80.4296875,1000,2.41015625,73.6328125,80.4296875,1000,88.45703125,3.53515625,1211.144154,1000893499,2860.738939,10.88642435,111.2527047,957.1258065,182.2033898,1,182.2033898,817.7966102,Viga
3.59765625,71.0546875,50.4296875,1000,3.41015625,43.6328125,50.4296875,1000,113.4570313,2.53515625,3658.402458,694249042.3,8780.86993,11.54365399,316.9189288,1093.533134,193.3333333,1,193.3333333,806.6666667,Viga
2.34765625,63.5546875,57.9296875,1000,3.16015625,81.1328125,57.9296875,1000,94.70703125,2.28515625,1606.47017,1208596292,3905.411489,11.19081645,143.5525439,1286.894343,205.6451613,1,205.6451613,794.3548387,Viga
3.34765625,93.5546875,87.9296875,1000,2.16015625,51.1328125,87.9296875,1000,119.7070313,3.28515625,5231.864863,1267116701,12049.82569,14.50994617,360.5709353,1157.219333,170,1,0,1000,Cartela
2.84765625,78.5546875,42.9296875,1000,3.66015625,66.1328125,42.9296875,1000,82.20703125,3.78515625,2921.982298,1004166698,6280.025983,11.37252706,256.9334223,1416.75444,185.7142857,1,185.7142857,814.2857143,Viga
3.84765625,48.5546875,72.9296875,1000,2.66015625,96.1328125,72.9296875,1000,107.2070313,2.78515625,2734.351245,707627238.3,6116.07635,14.20561844,192.4837878,1138.895173,232.1428571,1,232.1428571,767.8571429,Viga
2.22265625,52.3046875,91.6796875,1000,3.53515625,47.3828125,91.6796875,1000,91.58203125,2.16015625,1170.908741,1082777985,3538.21546,12.53889974,93.38209612,1314.394455,157.8947368,1,157.8947368,842.1052632,Viga
3.22265625,82.3046875,61.6796875,1000,2.53515625,77.3828125,61.6796875,1000,116.5820313,3.16015625,4006.599739,1317294610,8685.903638,12.88165917,311.0313421,1744.003234,232.4561404,1,232.4561404,767.5438596,Viga
2.72265625,97.3046875,76.6796875,1000,3.03515625,92.3828125,76.6796875,1000,79.08203125,3.66015625,3448.090062,1065242156,9329.68584,15.39753398,223.9378115,1308.074479,191.4893617,1,191.4893617,808.5106383,Viga
3.72265625,67.3046875,46.6796875,1000,2.03515625,62.3828125,46.6796875,1000,104.0820313,2.66015625,3419.483853,489036154.8,8823.314322,9.951300629,343.6218018,885.0196392,166.4648,1,0,1000,Cartela
2.47265625,74.8046875,69.1796875,1000,2.28515625,99.8828125,69.1796875,1000,72.83203125,2.41015625,2155.760677,1072198496,5495.022401,11.53445224,186.8975337,1187.591552,182.6923077,1,182.6923077,817.3076923,Viga
3.47265625,44.8046875,99.1796875,1000,3.28515625,69.8828125,99.1796875,1000,97.83203125,3.41015625,2251.868761,838971191.7,5036.403668,16.47607483,136.6750749,963.3312016,197.1153846,1,197.1153846,802.8846154,Viga
2.97265625,59.8046875,54.1796875,1000,2.78515625,54.8828125,54.1796875,1000,85.33203125,3.91015625,2167.29276,970061712.8,4529.382,9.991996253,216.9028796,782.2331984,173.6111111,1,173.6111111,826.3888889,Viga
3.97265625,89.8046875,84.1796875,1000,3.78515625,84.8828125,84.1796875,1000,110.3320313,2.91015625,6603.238005,1284273052,14248.11539,20.53133978,321.6174919,1108.721238,228.7234043,1,228.7234043,771.2765957,Viga
2.01953125,49.9609375,78.0859375,1000,2.86328125,83.4765625,78.0859375,1000,95.09765625,3.14453125,978.1785585,1103749521,2860.299731,11.41968803,85.65720501,1093.726503,200.8928571,1,200.8928571,799.1071429,Viga
3.01953125,79.9609375,48.0859375,1000,3.86328125,53.4765625,48.0859375,1000,70.09765625,2.14453125,2286.845249,875863082.5,5179.930095,11.63839116,196.4915268,698.0834974,123.5743,1,0,1000,Cartela
2.51953125,94.9609375,93.0859375,1000,2.36328125,68.4765625,93.0859375,1000,107.5976563,2.64453125,2900.562142,789346741.4,9073.89688,13.59267552,213.3915532,1374.452961,176.0743,1,0,1000,Cartela
3.51953125,64.9609375,63.0859375,1000,3.36328125,98.4765625,63.0859375,1000,82.59765625,3.64453125,3377.335519,960893273.2,7106.390391,15.26835965,221.198321,915.4012272,218.75,1,218.75,781.25,Viga
2.26953125,72.4609375,40.5859375,1000,3.11328125,60.9765625,40.5859375,1000,113.8476563,3.39453125,1794.33966,1172632445,4052.531236,9.045665012,198.3645932,1344.683459,213.3333333,1,213.3333333,786.6666667,Viga
3.26953125,42.4609375,70.5859375,1000,2.11328125,90.9765625,70.5859375,1000,88.84765625,2.39453125,1759.253158,770582352.4,3807.753865,11.00247707,159.8960986,948.5852065,207.6271186,1,207.6271186,792.3728814,Viga
2.76953125,57.4609375,55.5859375,1000,3.61328125,75.9765625,55.5859375,1000,101.3476563,2.89453125,1915.091423,1031907501,4024.736555,12.14239863,157.7193668,1411.021218,208.3333333,1,208.3333333,791.6666667,Viga
3.76953125,87.4609375,85.5859375,1000,2.61328125,45.9765625,85.5859375,1000,76.34765625,3.89453125,4179.938003,906510729.4,8918.345494,15.43906633,270.737745,715.8989748,122.3243,1,0,1000,Cartela
2.14453125,91.2109375,74.3359375,1000,3.73828125,94.7265625,74.3359375,1000,116.9726563,3.01953125,2077.855283,871184865,7056.858122,15.52881657,133.8064155,1595.994649,229.1666667,1,229.1666667,770.8333333,Viga
3.14453125,61.2109375,44.3359375,1000,2.73828125,64.7265625,44.3359375,1000,91.97265625,2.01953125,2378.70712,594628816.4,5825.859839,9.579038302,248.3242101,1015.576144,193.3333333,1,193.3333333,806.6666667,Viga
2.64453125,46.2109375,89.3359375,1000,3.23828125,49.7265625,89.3359375,1000,104.4726563,2.51953125,1445.948214,1068569913,3656.567468,12.62589004,114.522478,1450.448252,177.9661017,1,177.9661017,822.0338983,Viga
3.64453125,76.2109375,59.3359375,1000,2.23828125,79.7265625,59.3359375,1000,79.47265625,3.51953125,4284.997748,965713422.5,9262.241531,12.42700674,344.813344,1510.822699,199.1525424,1,199.1525424,800.8474576,Viga
2.39453125,68.7109375,51.8359375,1000,2.48828125,42.2265625,51.8359375,1000,98.22265625,3.26953125,1751.682359,1042600673,4091.260495,8.264432124,211.9543524,1332.851529,166.6666667,1,166.6666667,833.3333333,Viga
3.39453125,98.7109375,81.8359375,1000,3.48828125,72.2265625,81.8359375,1000,73.22265625,2.26953125,3518.062127,795137134.8,8100.683163,17.56203351,200.3220257,822.5657986,145.4493,1,0,1000,Cartela
2.89453125,83.7109375,66.8359375,1000,2.98828125,87.2265625,66.8359375,1000,110.7226563,2.76953125,3318.887366,1154457456,7986.955139,14.02002249,236.7248247,1508.125653,231.1320755,1,231.1320755,768.8679245,Viga
3.89453125,53.7109375,96.8359375,1000,3.98828125,57.2265625,96.8359375,1000,85.72265625,3.76953125,3250.413808,848047744.6,6850.909445,18.44091245,176.2610075,951.8286701,169.8113208,1,169.8113208,830.1886792,Viga
2.08203125,78.0859375,91.2109375,1000,2.05078125,70.3515625,91.2109375,1000,93.53515625,3.70703125,1609.50849,957231155.1,5764.183773,11.07330785,145.3502884,1002.871946,183.6734694,1,183.6734694,816.3265306,Viga
3.08203125,48.0859375,61.2109375,1000,3.05078125,40.3515625,61.2109375,1000,118.5351563,2.70703125,1789.232327,800955126.8,3789.276206,10.07929309,177.5156562,1036.465216,190.7894737,1,190.7894737,809.2105263,Viga
2.58203125,63.0859375,76.2109375,1000,2.55078125,55.3515625,76.2109375,1000,81.03515625,2.20703125,1873.122165,1204446561,4741.10915,10.7669268,173.9699917,1647.63756,154.1666667,1,154.1666667,845.8333333,Viga
3.58203125,93.0859375,46.2109375,1000,3.55078125,85.3515625,46.2109375,1000,106.0351563,3.20703125,5609.361374,992627385,12531.61724,14.82670312,378.3282993,1820.706557,229.1666667,1,229.1666667,770.8333333,Viga
2.33203125,40.5859375,68.7109375,1000,3.80078125,62.8515625,68.7109375,1000,74.78515625,3.95703125,936.3479406,1018116861,2183.520843,11.62738047,80.52956927,904.5744414,156.7164179,1,156.7164179,843.2835821,Viga
3.33203125,70.5859375,98.7109375,1000,2.80078125,92.8515625,98.7109375,1000,99.78515625,2.95703125,3756.406665,1256136072,8899.065735,17.23936308,217.8970677,1103.916625,205.5555556,1,205.5555556,794.4444444,Viga
2.83203125,85.5859375,53.7109375,1000,3.30078125,77.8515625,53.7109375,1000,87.28515625,2.45703125,3211.60286,1267158397,7258.118366,12.69225128,253.0365015,1638.974725,200,1,200,800,Viga
3.83203125,55.5859375,83.7109375,1000,2.30078125,47.8515625,83.7109375,1000,112.2851563,3.45703125,3268.256768,864029026.8,6989.56628,13.20838118,247.4381019,1369.473425,187.5,1,187.5,812.5,Viga
2.20703125,59.3359375,94.9609375,1000,3.42578125,89.1015625,94.9609375,1000,71.66015625,3.58203125,1588.708159,796056426.5,4478.283182,15.13972092,104.936423,1399.544326,187.5,1,187.5,812.5,Viga
3.20703125,89.3359375,64.9609375,1000,2.42578125,59.1015625,64.9609375,1000,96.66015625,2.58203125,3903.400806,829431585.1,8991.437378,12.35539966,315.9267134,927.8695777,155.7618,1,0,1000,Cartela
2.70703125,74.3359375,79.9609375,1000,3.92578125,44.1015625,79.9609375,1000,84.16015625,2.08203125,2211.930207,810918535.2,5328.173936,13.7614741,160.7335225,1082.489541,128.2618,1,0,1000,Cartela
3.70703125,44.3359375,49.9609375,1000,2.92578125,74.1015625,49.9609375,1000,109.1601563,3.08203125,1874.813413,444421126.6,4676.188159,10.96148605,171.0364273,1085.608657,222.972973,1,222.972973,777.027027,Viga
2.45703125,96.8359375,57.4609375,1000,2.67578125,51.6015625,57.4609375,1000,90.41015625,3.83203125,1722.854737,763391221.2,6640.480868,10.5862155,162.7451035,1423.949357,142.0118,1,0,1000,Cartela
3.45703125,66.8359375,87.4609375,1000,3.67578125,81.6015625,87.4609375,1000,115.4101563,2.83203125,3670.746389,1194092784,8070.804969,17.94498946,204.5555055,1151.956222,220,1,220,780,Viga
2.95703125,51.8359375,42.4609375,1000,2.17578125,96.6015625,42.4609375,1000,77.91015625,2.33203125,1734.590478,537344969,4299.989084,8.901657654,194.8615129,910.7045962,210.1449275,1,210.1449275,789.8550725,Viga
3.95703125,81.8359375,72.4609375,1000,3.17578125,66.6015625,72.4609375,1000,102.9101563,3.33203125,5557.040486,1064979738,11480.28774,16.26383426,341.6808359,1224.807249,209.0909091,1,209.0909091,790.9090909,Viga
2.05078125,94.0234375,65.8984375,1000,3.20703125,45.0390625,65.8984375,1000,81.81640625,2.98828125,994.0049891,676216063.4,4317.427109,10.61566957,93.6356376,1224.980313,126.8555,1,0,1000,Cartela
3.05078125,64.0234375,95.8984375,1000,2.20703125,75.0390625,95.8984375,1000,106.8164063,3.98828125,2806.329169,1181079719,7032.735255,13.94839934,201.1936352,1091.932864,204.0816327,1,204.0816327,795.9183673,Viga
2.55078125,49.0234375,50.8984375,1000,3.70703125,90.0390625,50.8984375,1000,94.31640625,3.48828125,1372.371892,1001301138,2839.218138,11.9978656,114.3846695,1370.097173,212.6865672,1,212.6865672,787.3134328,Viga
3.55078125,79.0234375,80.8984375,1000,2.70703125,60.0390625,80.8984375,1000,119.3164063,2.48828125,4527.954437,1246893097,9923.610675,14.82381167,305.4514276,1455.271666,208.3333333,1,208.3333333,791.6666667,Viga
2.30078125,56.5234375,88.3984375,1000,2.95703125,97.5390625,88.3984375,1000,88.06640625,2.73828125,1466.872555,1019933552,4109.236597,13.82966901,106.0670761,1188.69185,198.9795918,1,198.9795918,801.0204082,Viga
3.30078125,86.5234375,58.3984375,1000,3.95703125,67.5390625,58.3984375,1000,113.0664063,3.73828125,4367.08197,1222535892,9341.572388,15.14948715,288.265994,1808.855401,225,1,225,775,Viga
2.80078125,71.5234375,73.3984375,1000,2.45703125,52.5390625,73.3984375,1000,75.56640625,3.23828125,2615.865106,1210528068,5806.288391,11.13929063,234.8322881,1361.455137,129.1666667,1,129.1666667,870.8333333,Viga
3.80078125,41.5234375,43.3984375,1000,3.45703125,82.5390625,43.3984375,1000,100.5664063,2.23828125,1586.534779,397093535.9,4160.473273,11.36003543,139.6593161,904.5558581,183.1055,1,0,1000,Cartela
2.17578125,45.2734375,62.1484375,1000,2.33203125,56.2890625,62.1484375,1000,84.94140625,2.86328125,942.6284794,927945626.6,2208.502826,8.016380354,117.5877937,720.1373209,161.971831,1,161.971831,838.028169,Viga
3.17578125,75.2734375,92.1484375,1000,3.33203125,86.2890625,92.1484375,1000,109.9414063,3.86328125,3666.891036,1182273301,9008.585767,17.81792093,205.7979183,1316.125356,212.7659574,1,212.7659574,787.2340426,Viga
2.67578125,90.2734375,47.1484375,1000,2.83203125,71.2890625,47.1484375,1000,72.44140625,3.36328125,2510.636378,909107549.8,6903.633547,10.82853582,231.853726,2100.758688,143.7305,1,0,1000,Cartela
3.67578125,60.2734375,77.1484375,1000,3.83203125,41.2890625,77.1484375,1000,97.44140625,2.36328125,3249.252853,905773956.6,6738.759495,14.54413622,223.406382,1655.022335,170.6349206,1,170.6349206,829.3650794,Viga
2.42578125,82.7734375,99.6484375,1000,3.58203125,78.7890625,99.6484375,1000,78.69140625,2.61328125,2617.337176,738003107.3,7100.49745,16.74927497,156.2656999,1037.108402,157.4805,1,0,1000,Cartela
3.42578125,52.7734375,69.6484375,1000,2.58203125,48.7890625,69.6484375,1000,103.6914063,3.61328125,2422.708547,870495519.9,5151.088218,11.40243079,212.4729886,1415.554809,179.1044776,1,179.1044776,820.8955224,Viga
2.92578125,67.7734375,84.6484375,1000,3.08203125,63.7890625,84.6484375,1000,91.19140625,3.11328125,2645.90575,1252603947,6472.753515,14.08698599,187.8262498,1431.310598,166.6666667,1,166.6666667,833.3333333,Viga
3.92578125,97.7734375,54.6484375,1000,2.08203125,93.7890625,54.6484375,1000,116.1914063,2.11328125,6756.472301,1343185171,14618.97185,13.99945231,482.6240451,3286.773921,5.210505556,1,0,1000,Cartela
2.11328125,65.8984375,45.2734375,1000,3.89453125,50.6640625,45.2734375,1000,108.3789063,2.42578125,1375.681892,952386669,3233.906648,9.293846722,148.0207209,1509.395624,185.8974359,1,185.8974359,814.1025641,Viga
3.11328125,95.8984375,75.2734375,1000,2.89453125,80.6640625,75.2734375,1000,83.37890625,3.42578125,3903.429762,889395127.3,10283.10777,15.31127451,254.9382652,1364.582599,164.043,1,0,1000,Cartela
2.61328125,80.8984375,60.2734375,1000,3.39453125,95.6640625,60.2734375,1000,95.87890625,3.92578125,2621.255934,1184474055,6485.974649,14.06149737,186.4137129,1557.838055,212.962963,1,212.962963,787.037037,Viga
3.61328125,50.8984375,90.2734375,1000,2.39453125,65.6640625,90.2734375,1000,70.87890625,2.92578125,2643.97825,894414914.9,5578.243971,13.60398927,194.3531561,871.7323345,162.037037,1,162.037037,837.962963,Viga
2.36328125,88.3984375,82.7734375,1000,2.14453125,88.1640625,82.7734375,1000,102.1289063,2.17578125,2413.541585,1051593553,7773.155384,12.16892519,198.3364634,1706.584671,196.8085106,1,196.8085106,803.1914894,Viga
3.36328125,58.3984375,52.7734375,1000,3.14453125,58.1640625,52.7734375,1000,77.12890625,3.17578125,2469.553559,659663818.8,5723.426314,10.97327109,225.0517224,871.3056069,171.2328767,1,171.2328767,828.7671233,Viga
2.86328125,43.3984375,97.7734375,1000,2.64453125,43.1640625,97.7734375,1000,114.6289063,3.67578125,1573.492222,1019526125,3961.980867,12.55722209,125.3057571,1052.800557,179.8245614,1,179.8245614,820.1754386,Viga
3.86328125,73.3984375,67.7734375,1000,3.64453125,73.1640625,67.7734375,1000,89.62890625,2.67578125,4544.737311,993380322.3,9635.687379,16.09033242,282.4514244,1460.886859,201.754386,1,201.754386,798.245614,Viga
2.23828125,77.1484375,49.0234375,1000,2.51953125,69.4140625,49.0234375,1000,105.2539063,2.30078125,1793.996642,1135168766,4548.447043,9.094023496,197.2720483,1685.656634,204.5454545,1,204.5454545,795.4545455,Viga
3.23828125,47.1484375,79.0234375,1000,3.51953125,99.4140625,79.0234375,1000,80.25390625,3.30078125,2083.490835,876249191.8,4393.702528,15.95556291,130.5808417,928.6225013,202.8301887,1,202.8301887,797.1698113,Viga
2.73828125,62.1484375,64.0234375,1000,2.01953125,84.4140625,64.0234375,1000,117.7539063,3.80078125,2168.171121,1143160907,4840.043123,10.4989819,206.5125115,1367.671233,224.5762712,1,224.5762712,775.4237288,Viga
3.73828125,92.1484375,94.0234375,1000,3.01953125,54.4140625,94.0234375,1000,92.75390625,2.80078125,4931.182419,842341453.4,10681.55471,17.69874006,278.6177096,804.7736935,147.168,1,0,1000,Cartela
2.48828125,54.6484375,71.5234375,1000,3.26953125,76.9140625,71.5234375,1000,111.5039063,2.05078125,1580.119189,1120654360,3831.657881,12.40019137,127.4270003,1410.913806,211.8644068,1,211.8644068,788.1355932,Viga
3.48828125,84.6484375,41.5234375,1000,2.26953125,46.9140625,41.5234375,1000,86.50390625,3.05078125,3536.41123,758979004,7929.588195,9.818142396,360.191479,3109.554855,133.418,1,0,1000,Cartela
2.98828125,99.6484375,86.5234375,1000,3.76953125,61.9140625,86.5234375,1000,99.00390625,3.55078125,3276.719722,822077672.5,10082.6892,17.40351489,188.279192,1567.829323,160.918,1,0,1000,Cartela
3.98828125,69.6484375,56.5234375,1000,2.76953125,91.9140625,56.5234375,1000,74.00390625,2.55078125,4216.635103,644347693.6,10210.69289,13.8424526,304.6161851,1243.362933,203.3898305,1,203.3898305,796.6101695,Viga
2.01171875,69.8828125,90.0390625,1000,3.30859375,56.9921875,90.0390625,1000,118.3398438,3.94921875,1326.724221,1080418926,4795.873762,13.11896313,101.1302652,1198.779319,193.3962264,1,193.3962264,806.6037736,Viga
3.01171875,99.8828125,60.0390625,1000,2.30859375,86.9921875,60.0390625,1000,93.33984375,2.94921875,4397.074912,1248851711,10438.56806,12.82387217,342.8819981,1865.232108,216.9811321,1,216.9811321,783.0188679,Viga
2.51171875,84.8828125,75.0390625,1000,3.80859375,71.9921875,75.0390625,1000,105.8398438,2.44921875,2573.374486,1273738129,7110.658282,14.87580784,172.9905705,1420.058128,183.9622642,1,183.9622642,816.0377358,Viga
3.51171875,54.8828125,45.0390625,1000,2.80859375,41.9921875,45.0390625,1000,80.83984375,3.44921875,2134.134962,415953668.9,5415.48988,9.028156266,236.3865776,756.2732216,127.0801922,1,127.0801922,872.9198079,Viga
2.26171875,92.3828125,67.5390625,1000,2.55859375,79.4921875,67.5390625,1000,99.58984375,3.69921875,2168.349567,1065088565,6543.410161,11.7829239,184.0247451,1501.914395,226.4150943,1,226.4150943,773.5849057,Viga
3.26171875,62.3828125,97.5390625,1000,3.55859375,49.4921875,97.5390625,1000,74.58984375,2.69921875,3166.982337,839444922.3,6764.463467,16.00823692,197.8345494,1062.447856,122.6415094,1,0,1000,Cartela
2.76171875,47.3828125,52.5390625,1000,2.05859375,64.4921875,52.5390625,1000,112.0898438,2.19921875,1479.128515,879435974,3114.346913,8.10306465,182.5393945,1192.444002,209.4594595,1,209.4594595,790.5405405,Viga
3.76171875,77.3828125,82.5390625,1000,3.05859375,94.4921875,82.5390625,1000,87.08984375,3.19921875,4924.364243,1135273294,10409.51885,17.65353395,278.9449555,940.8379943,208.3333333,1,208.3333333,791.6666667,Viga
2.13671875,73.6328125,93.7890625,1000,2.18359375,45.7421875,93.7890625,1000,96.46484375,3.82421875,1625.136356,1061714026,5184.53368,10.77022803,150.8915458,1516.830544,150.9433962,1,150.9433962,849.0566038,Viga
3.13671875,43.6328125,63.7890625,1000,3.18359375,75.7421875,63.7890625,1000,71.46484375,2.82421875,1599.316513,736406439,3446.774074,11.89321088,134.4730645,1007.938642,173.0769231,1,173.0769231,826.9230769,Viga
2.63671875,58.6328125,78.7890625,1000,2.68359375,90.7421875,78.7890625,1000,108.9648438,2.32421875,1954.766871,1276303030,4856.910561,12.82523891,152.4156302,1329.511075,216.9811321,1,216.9811321,783.0188679,Viga
3.63671875,88.6328125,48.7890625,1000,3.68359375,60.7421875,48.7890625,1000,83.96484375,3.32421875,4469.734812,897616054.5,9872.713643,13.6745418,326.8654172,1622.369058,144.707,1,0,1000,Cartela
2.38671875,51.1328125,56.2890625,1000,3.93359375,98.2421875,56.2890625,1000,115.2148438,3.57421875,1364.741078,1181035657,2941.919434,13.53375338,100.8398069,1159.530103,233.8709677,1,233.8709677,766.1290323,Viga
3.38671875,81.1328125,86.2890625,1000,2.93359375,68.2421875,86.2890625,1000,90.21484375,2.57421875,4648.053494,817759443.1,9959.207593,15.77589889,294.6300256,884.2197382,158.457,1,0,1000,Cartela
2.88671875,96.1328125,41.2890625,1000,3.43359375,53.2421875,41.2890625,1000,102.7148438,2.07421875,2671.0999,802443407,6671.506196,10.96166342,243.6765114,1129.138277,155.957,1,0,1000,Cartela
3.88671875,66.1328125,71.2890625,1000,2.43359375,83.2421875,71.2890625,1000,77.71484375,3.07421875,3996.24246,960522523.3,8532.007201,13.96442922,286.1729897,944.2932354,195.4545455,1,195.4545455,804.5454545,Viga
2.07421875,98.0078125,80.6640625,1000,3.62109375,66.3671875,80.6640625,1000,73.02734375,3.38671875,1232.927774,613051464.9,5470.185396,13.99379192,88.10533849,1099.13317,139.3945,1,0,1000,Cartela
3.07421875,68.0078125,50.6640625,1000,2.62109375,96.3671875,50.6640625,1000,98.02734375,2.38671875,2887.410666,1074806200,6064.161879,11.57737055,249.4012483,1284.6471,229.5081967,1,229.5081967,770.4918033,Viga
2.57421875,53.0078125,95.6640625,1000,3.12109375,81.3671875,95.6640625,1000,85.52734375,2.88671875,1653.76888,1088539780,4486.359602,14.59734131,113.2924719,993.0440917,190,1,190,810,Viga
3.57421875,83.0078125,65.6640625,1000,2.12109375,51.3671875,65.6640625,1000,110.5273438,3.88671875,4695.155305,1162732211,9876.965668,12.38348688,379.1464675,1613.54518,204.9180328,1,204.9180328,795.0819672,Viga
2.32421875,60.5078125,43.1640625,1000,2.37109375,73.8671875,43.1640625,1000,91.77734375,3.13671875,1503.090407,1084763311,3223.263152,8.138816113,184.6817014,1359.444499,198.630137,1,198.630137,801.369863,Viga
3.32421875,90.5078125,73.1640625,1000,3.37109375,43.8671875,73.1640625,1000,116.7773438,2.13671875,4035.899051,860054814.8,9137.915386,14.46363914,279.0375929,1108.596974,160.6445,1,0,1000,Cartela
2.82421875,75.5078125,58.1640625,1000,2.87109375,58.8671875,58.1640625,1000,79.27734375,2.63671875,2675.980842,1200960960,6004.665671,10.95811081,244.2009292,1626.874768,179.6875,1,179.6875,820.3125,Viga
3.82421875,45.5078125,88.1640625,1000,3.87109375,88.8671875,88.1640625,1000,104.2773438,3.63671875,2631.352844,768389758.1,5717.602206,18.53679913,141.9529243,838.8047962,221.1538462,1,221.1538462,778.8461538,Viga
2.19921875,41.7578125,76.9140625,1000,2.99609375,47.6171875,76.9140625,1000,94.90234375,3.26171875,895.4914994,1056283127,2367.165642,10.01641769,89.40237194,1368.948223,162.8787879,1,162.8787879,837.1212121,Viga
3.19921875,71.7578125,46.9140625,1000,3.99609375,77.6171875,46.9140625,1000,119.9023438,2.26171875,3318.667442,994559686.3,7428.460532,13.34721438,248.6412031,1584.156822,231.0606061,1,231.0606061,768.9393939,Viga
2.69921875,86.7578125,91.9140625,1000,2.49609375,92.6171875,91.9140625,1000,82.40234375,2.76171875,3059.978945,995060345.1,8778.230168,14.75822053,207.3406438,1616.900913,194.4444444,1,194.4444444,805.5555556,Viga
3.69921875,56.7578125,61.9140625,1000,3.49609375,62.6171875,61.9140625,1000,107.4023438,3.76171875,2940.802083,724795957.9,6651.407198,13.53238263,217.3159127,1338.384604,208.3333333,1,208.3333333,791.6666667,Viga
2.44921875,79.2578125,54.4140625,1000,3.24609375,85.1171875,54.4140625,1000,76.15234375,3.01171875,2196.280048,1176309244,5409.107149,12.00747751,182.9093617,1710.441366,186.440678,1,186.440678,813.559322,Viga
3.44921875,49.2578125,84.4140625,1000,2.24609375,55.1171875,84.4140625,1000,101.1523438,2.01171875,2371.661684,913926765.9,4985.143304,11.97935562,197.9790699,1417.532468,177.9661017,1,177.9661017,822.0338983,Viga
2.94921875,64.2578125,69.4140625,1000,3.74609375,40.1171875,69.4140625,1000,88.65234375,2.51171875,2440.803772,1125836705,5364.286674,12.24407747,199.3456655,1106.131331,143.9393939,1,143.9393939,856.0606061,Viga
3.94921875,94.2578125,99.4140625,1000,2.74609375,70.1171875,99.4140625,1000,113.6523438,3.51171875,7458.212107,1344703851,16129.33236,19.3873131,384.6955,1044.316866,177.7777778,1,0,1000,Cartela
2.04296875,82.0703125,45.9765625,1000,2.65234375,93.5546875,45.9765625,1000,84.74609375,2.16796875,1638.568184,1077657542,4385.971801,9.781412288,167.5185684,1984.147876,200,1,200,800,Viga
3.04296875,52.0703125,75.9765625,1000,3.65234375,63.5546875,75.9765625,1000,109.7460938,3.16796875,2094.580028,1053168104,4430.960312,14.00149542,149.5968799,1117.530283,191.6666667,1,191.6666667,808.3333333,Viga
2.54296875,67.0703125,60.9765625,1000,2.15234375,48.5546875,60.9765625,1000,72.24609375,3.66796875,1923.774418,1231300187,4419.367639,8.794629692,218.7442207,1239.944073,132.3529412,1,132.3529412,867.6470588,Viga
3.54296875,97.0703125,90.9765625,1000,3.15234375,78.5546875,90.9765625,1000,97.24609375,2.66796875,5302.770184,826482459.7,12026.09884,18.60434302,285.0286182,815.1237548,175.8008,1,0,1000,Cartela
2.29296875,44.5703125,83.4765625,1000,3.40234375,41.0546875,83.4765625,1000,78.49609375,2.41796875,1019.699153,1200871958,2636.726006,11.02595811,92.48168213,1111.094679,136.71875,1,136.71875,863.28125,Viga
3.29296875,74.5703125,53.4765625,1000,2.40234375,71.0546875,53.4765625,1000,103.4960938,3.41796875,3569.767149,1078392643,7511.430864,11.29258018,316.1161659,1544.60377,210.9375,1,210.9375,789.0625,Viga
2.79296875,89.5703125,98.4765625,1000,3.90234375,86.0546875,98.4765625,1000,90.99609375,3.91796875,3348.717089,1081526007,10041.93703,19.4727241,171.9696264,1148.61189,226.744186,1,226.744186,773.255814,Viga
3.79296875,59.5703125,68.4765625,1000,2.90234375,56.0546875,68.4765625,1000,115.9960938,2.91796875,3366.02172,841774714.4,7350.915225,13.14888828,255.9928754,1594.272506,207.03125,1,207.03125,792.96875,Viga
2.16796875,55.8203125,49.7265625,1000,3.77734375,82.3046875,49.7265625,1000,81.62109375,2.04296875,1169.543321,1205275626,2725.509961,11.02579035,106.0734227,1351.254488,187.5,1,187.5,812.5,Viga
3.16796875,85.8203125,79.7265625,1000,2.77734375,52.3046875,79.7265625,1000,106.6210938,3.04296875,4125.76109,1295543977,9401.192078,13.99232983,294.8587648,1669.720829,157.4074074,1,0,1000,Cartela
2.66796875,70.8203125,64.7265625,1000,3.27734375,67.3046875,64.7265625,1000,94.12109375,3.54296875,2275.151831,1169138032,5415.926491,12.39645798,183.5324118,1340.16169,187.5,1,187.5,812.5,Viga
3.66796875,40.8203125,94.7265625,1000,2.27734375,97.3046875,94.7265625,1000,119.1210938,2.54296875,2255.689018,782140523.5,4884.917409,14.68815247,153.5720046,1103.268773,244.8979592,1,244.8979592,755.1020408,Viga
2.41796875,93.3203125,72.2265625,1000,2.02734375,59.8046875,72.2265625,1000,87.87109375,2.29296875,1872.356785,829371530.8,5947.339334,10.47486771,178.7475352,1748.652564,147.6758,1,0,1000,Cartela
3.41796875,63.3203125,42.2265625,1000,3.02734375,89.8046875,42.2265625,1000,112.8710938,3.29296875,2894.681482,503672339.5,7608.531446,11.78814661,245.5586597,1212.132426,235.2941176,1,235.2941176,764.7058824,Viga
2.91796875,48.3203125,87.2265625,1000,2.52734375,74.8046875,87.2265625,1000,75.37109375,3.79296875,1786.338398,1036750613,4113.071153,12.61699221,141.581953,1138.882718,171.2962963,1,171.2962963,828.7037037,Viga
3.91796875,78.3203125,57.2265625,1000,3.52734375,44.8046875,57.2265625,1000,100.3710938,2.79296875,4759.618467,613558024.8,11667.79655,13.51448723,352.1863897,1916.923916,145.1758,1,0,1000,Cartela
2.10546875,53.9453125,62.8515625,1000,2.46484375,91.6796875,62.8515625,1000,105.0585938,2.73046875,1133.832513,1125070676,2883.094846,9.947606981,113.9804291,1100.498375,220.3389831,1,220.3389831,779.6610169,Viga
3.10546875,83.9453125,92.8515625,1000,3.46484375,61.6796875,92.8515625,1000,80.05859375,3.73046875,3557.472447,843206062.3,8559.270962,16.84184068,211.2282448,809.0249917,141.7383,1,0,1000,Cartela
2.60546875,98.9453125,47.8515625,1000,2.96484375,46.6796875,47.8515625,1000,117.5585938,3.23046875,3170.162629,1183301489,7929.128922,10.46815164,302.8388142,1931.229617,197.761194,1,197.761194,802.238806,Viga
3.60546875,68.9453125,77.8515625,1000,3.96484375,76.6796875,77.8515625,1000,92.55859375,2.23046875,3881.916016,1089313724,8129.404899,17.35545337,223.6712538,1276.089827,199.0740741,1,199.0740741,800.9259259,Viga
2.35546875,76.4453125,85.3515625,1000,3.71484375,54.1796875,85.3515625,1000,111.3085938,2.98046875,2084.150591,1011227433,6311.112618,14.11796071,147.6240538,1422.574613,226.8518519,1,226.8518519,773.1481481,Viga
3.35546875,46.4453125,55.3515625,1000,2.71484375,84.1796875,55.3515625,1000,86.30859375,3.98046875,1863.958453,601969505.6,4317.844509,11.1688572,166.8889143,1112.324489,201.4925373,1,201.4925373,798.5074627,Viga
2.85546875,61.4453125,70.3515625,1000,3.21484375,99.1796875,70.3515625,1000,98.80859375,3.48046875,2321.461566,1099594450,5209.018783,14.4200698,160.9882337,1143.01178,226.8518519,1,226.8518519,773.1481481,Viga
3.85546875,91.4453125,40.3515625,1000,2.21484375,69.1796875,40.3515625,1000,73.80859375,2.48046875,3634.699548,819115688.7,8369.601515,11.35381327,320.1302913,1521.684668,69.1797,1,0,1000,Cartela
2.23046875,87.6953125,59.1015625,1000,3.08984375,72.9296875,59.1015625,1000,108.1835938,2.60546875,2008.125471,1054472702,5783.280502,11.51380789,174.4101943,1944.041402,228.4482759,1,228.4482759,771.5517241,Viga
3.23046875,57.6953125,89.1015625,1000,2.08984375,42.9296875,89.1015625,1000,83.18359375,3.60546875,2677.69501,1002535971,5707.165661,11.8049858,226.8274656,1091.922274,137.9310345,1,137.9310345,862.0689655,Viga
2.73046875,42.6953125,44.1015625,1000,3.58984375,57.9296875,44.1015625,1000,95.68359375,3.10546875,1158.30317,564494551.9,2721.449738,9.201277377,125.8850399,952.3413415,188.2352941,1,188.2352941,811.7647059,Viga
3.73046875,72.6953125,74.1015625,1000,2.58984375,87.9296875,74.1015625,1000,70.68359375,2.10546875,4303.687528,989205407.6,8874.569134,14.7433187,291.9076508,1218.992272,197.1153846,1,197.1153846,802.8846154,Viga
2.48046875,65.1953125,96.6015625,1000,2.83984375,65.4296875,96.6015625,1000,101.9335938,2.85546875,1877.211871,1147217668,5586.357235,13.62377528,137.7894037,1236.794399,180,1,180,820,Viga
3.48046875,95.1953125,66.6015625,1000,3.83984375,95.4296875,66.6015625,1000,76.93359375,3.85546875,5404.401445,1240565571,11892.01202,18.16435002,297.5279292,1456.124488,210,1,210,790,Viga
2.98046875,80.1953125,81.6015625,1000,2.33984375,80.4296875,81.6015625,1000,114.4335938,3.35546875,3440.415633,1187793866,8530.944106,13.76523853,249.9350539,1364.431325,205,1,205,795,Viga
3.98046875,50.1953125,51.6015625,1000,3.33984375,50.4296875,51.6015625,1000,89.43359375,2.35546875,2310.157338,423301391.3,5777.288637,11.13249392,207.514808,925.2913336,139.8633,1,0,1000,Cartela
2.02734375,90.0390625,51.1328125,1000,2.26171875,49.9609375,51.1328125,1000,78.88671875,3.58984375,1010.006171,709885559.9,4401.644877,8.129457455,124.2402924,1395.601546,128.8476,1,0,1000,Cartela
3.02734375,60.0390625,81.1328125,1000,3.26171875,79.9609375,81.1328125,1000,103.8867188,2.58984375,2530.455705,1193255820,5748.918546,14.79901978,170.9880616,1383.522425,202.8301887,1,202.8301887,797.1698113,Viga
2.52734375,45.0390625,66.1328125,1000,2.76171875,94.9609375,66.1328125,1000,91.38671875,2.08984375,1277.365219,1060240112,2803.397882,11.23313094,113.714086,1000.931739,203.3898305,1,203.3898305,796.6101695,Viga
3.52734375,75.0390625,96.1328125,1000,3.76171875,64.9609375,96.1328125,1000,116.3867188,3.08984375,4336.514438,1137973856,9874.067048,18.87058942,229.802808,1306.922801,204.0816327,1,204.0816327,795.9183673,Viga
2.27734375,67.5390625,73.6328125,1000,3.51171875,87.4609375,73.6328125,1000,85.13671875,3.83984375,1647.294283,1120588937,4596.321218,13.86473357,118.8118239,1200.987499,183.9622642,1,183.9622642,816.0377358,Viga
3.27734375,97.5390625,43.6328125,1000,2.51171875,57.4609375,43.6328125,1000,110.1367188,2.83984375,4850.01718412,835716576.451,11421.428065,14.6869286304,330.226782343,195.655911,171.2891,1,171.2891,828.7109,Viga
2.77734375,82.5390625,88.6328125,1000,3.01171875,42.4609375,88.6328125,1000,72.63671875,2.33984375,1976.632864,806974588.5,4906.685097,13.39943558,147.5161287,1182.708951,115.0976,1,0,1000,Cartela
3.77734375,52.5390625,58.6328125,1000,2.01171875,72.4609375,58.6328125,1000,97.63671875,3.33984375,2628.091748,576995604.6,6222.409692,10.62041316,247.4566393,1234.833436,208.9552239,1,208.9552239,791.0447761,Viga
2.15234375,48.7890625,47.3828125,1000,3.13671875,68.7109375,47.3828125,1000,88.26171875,3.71484375,995.7449418,984419133.3,2172.496789,8.912168531,111.728693,849.1940239,184.2105263,1,184.2105263,815.7894737,Viga
3.15234375,78.7890625,77.3828125,1000,2.13671875,98.7109375,77.3828125,1000,113.2617188,2.71484375,3789.3249,1156896024,8722.312161,13.71854944,276.219065,1407.96466,234.6938776,1,234.6938776,765.3061224,Viga
2.65234375,93.7890625,62.3828125,1000,3.63671875,83.7109375,62.3828125,1000,75.76171875,2.21484375,2488.630149,803780411.8,7293.558401,14.42439326,172.5292776,1416.612175,159.4726,1,0,1000,Cartela
3.65234375,63.7890625,92.3828125,1000,2.63671875,53.7109375,92.3828125,1000,100.7617188,3.21484375,3685.738727,1125917784,7971.325277,14.95408062,246.4704332,1255.692383,174.5283019,1,174.5283019,825.4716981,Viga
2.40234375,71.2890625,84.8828125,1000,2.88671875,76.2109375,84.8828125,1000,82.01171875,3.96484375,2088.104736,1118986327,5558.580744,13.26403087,157.4261065,1335.159831,151.9607843,1,0,1000,Cartela
3.40234375,41.2890625,54.8828125,1000,3.88671875,46.2109375,54.8828125,1000,107.0117188,2.96484375,1538.265817,504534987.1,3589.197349,10.92799492,140.7637749,889.0759878,189.0243902,1,189.0243902,810.9756098,Viga
2.90234375,56.2890625,99.8828125,1000,2.38671875,61.2109375,99.8828125,1000,94.51171875,2.46484375,2182.304302,1081002578,5615.939415,13.14030277,166.0771704,1070.786022,176.4705882,1,176.4705882,823.5294118,Viga
3.90234375,86.2890625,69.8828125,1000,3.38671875,91.2109375,69.8828125,1000,119.5117188,3.46484375,6114.430877,1159489627,12652.04976,18.00501163,339.5960527,1216.131712,254.9019608,1,254.9019608,745.0980392,Viga
2.08984375,61.9140625,60.5078125,1000,2.57421875,44.3359375,60.5078125,1000,111.6992188,3.02734375,1249.302297,861391537.8,3293.243974,8.432337391,148.156109,1365.488872,169.0140845,1,169.0140845,830.9859155,Viga
3.08984375,91.9140625,90.5078125,1000,3.57421875,74.3359375,90.5078125,1000,86.69921875,2.02734375,3600.00372,747025716.5,8375.433138,17.69478079,203.4500322,867.2089269,161.0351,1,0,1000,Cartela
2.58984375,76.9140625,45.5078125,1000,2.07421875,89.3359375,45.5078125,1000,99.19921875,2.52734375,2478.600146,1204448924,5498.405163,9.345027244,265.2319872,1999.604531,226.1904762,1,226.1904762,773.8095238,Viga
3.58984375,46.9140625,75.5078125,1000,3.07421875,59.3359375,75.5078125,1000,74.19921875,3.52734375,2203.014607,763088349.6,4798.956079,13.07834552,168.4475,1110.497331,162.6984127,1,162.6984127,837.3015873,Viga
2.33984375,99.4140625,98.0078125,1000,3.32421875,96.8359375,98.0078125,1000,105.4492188,3.27734375,2777.64892,871274159.6,10030.08421,17.56434756,158.1413093,1381.736106,268.2926829,1,268.2926829,731.7073171,Viga
3.33984375,69.4140625,68.0078125,1000,2.32421875,66.8359375,68.0078125,1000,80.44921875,2.27734375,3315.857465,1073781724,6960.747899,11.860293,279.5763531,1346.556268,186.440678,1,186.440678,813.559322,Viga
2.83984375,54.4140625,83.0078125,1000,3.82421875,51.8359375,83.0078125,1000,117.9492188,2.77734375,1980.733971,1176981844,4704.531237,14.11568816,140.3214599,1200.495887,186.440678,1,186.440678,813.559322,Viga
3.83984375,84.4140625,53.0078125,1000,2.82421875,81.8359375,53.0078125,1000,92.94921875,3.77734375,5368.435252,862129182.3,12490.0001,14.01279672,383.1094792,1503.941966,216.1016949,1,216.1016949,783.8983051,Viga
2.21484375,80.6640625,64.2578125,1000,3.94921875,55.5859375,64.2578125,1000,102.3242188,3.15234375,1798.995053,1102494251,5315.555049,12.31532241,146.0777877,1612.795972,180.3278689,1,180.3278689,819.6721311,Viga
3.21484375,50.6640625,94.2578125,1000,2.94921875,85.5859375,94.2578125,1000,77.32421875,2.15234375,2313.405016,999860200.5,5041.005284,15.31929278,151.0125205,1004.855581,185,1,185,815,Viga
2.71484375,65.6640625,49.2578125,1000,3.44921875,70.5859375,49.2578125,1000,114.8242188,2.65234375,2226.550791,1081384922,4698.317212,11.22413335,198.3717336,1110.13336,224.6376812,1,224.6376812,775.3623188,Viga
3.71484375,95.6640625,79.2578125,1000,2.44921875,40.5859375,79.2578125,1000,89.82421875,3.65234375,4251.956541,1018280434,9679.291928,14.70845851,289.0824038,926.4622535,130.4101,1,0,1000,Cartela
2.46484375,43.1640625,86.7578125,1000,2.19921875,78.0859375,86.7578125,1000,108.5742188,3.40234375,1233.867003,1076976393,3100.292745,11.04727051,111.689761,1037.880255,209.0909091,1,209.0909091,790.9090909,Viga
3.46484375,73.1640625,56.7578125,1000,3.19921875,48.0859375,56.7578125,1000,83.57421875,2.40234375,3518.507308,889750964,7718.703313,11.89333425,295.8385961,938.8124793,131.6601,1,0,1000,Cartela
2.96484375,88.1640625,71.7578125,1000,2.69921875,63.0859375,71.7578125,1000,96.07421875,2.90234375,3658.483666,1282067170,8918.679666,13.08591656,279.5741245,1492.426076,159.0909091,1,0,1000,Cartela
3.96484375,58.1640625,41.7578125,1000,3.69921875,93.0859375,41.7578125,1000,71.07421875,3.90234375,2677.25876,438372989.8,7112.690782,13.41129326,199.627188,1094.923626,167.8260645,1,167.8260645,832.1739355,Viga
2.05859375,45.9765625,93.3203125,1000,3.66796875,71.5234375,93.3203125,1000,98.41796875,2.30859375,944.908538,1039445134,2961.761343,13.85042536,68.22234795,1061.800118,193.3962264,1,193.3962264,806.6037736,Viga
3.05859375,75.9765625,63.3203125,1000,2.66796875,41.5234375,63.3203125,1000,73.41796875,3.30859375,2519.918356,1031072000,5842.115183,10.87418308,231.734038,956.6832209,114.9414,1,0,1000,Cartela
2.55859375,90.9765625,78.3203125,1000,3.16796875,56.5234375,78.3203125,1000,110.9179688,3.80859375,2789.001842,1191373827,8176.92995,13.7218942,203.2519565,1594.467043,212.2641509,1,212.2641509,787.7358491,Viga
3.55859375,60.9765625,48.3203125,1000,2.16796875,86.5234375,48.3203125,1000,85.91796875,2.80859375,2868.505973,536909348.9,7201.848971,10.44314925,274.678251,1507.301869,208.3333333,1,208.3333333,791.6666667,Viga
2.30859375,83.4765625,55.8203125,1000,2.41796875,64.0234375,55.8203125,1000,117.1679688,2.05859375,2081.365486,1099185639,5535.920702,9.618781145,216.3855747,1760.102433,213.7096774,1,213.7096774,786.2903226,Viga
3.30859375,53.4765625,85.8203125,1000,3.41796875,94.0234375,85.8203125,1000,92.16796875,3.05859375,2606.740599,1024174546,5646.541118,16.64863866,156.5737988,1290.59635,205.8823529,1,205.8823529,794.1176471,Viga
2.80859375,68.4765625,40.8203125,1000,2.91796875,79.0234375,40.8203125,1000,104.6679688,3.55859375,2479.114025,910663245.8,5487.239977,10.26957935,241.4036584,1402.734962,214.2857143,1,214.2857143,785.7142857,Viga
3.80859375,98.4765625,70.8203125,1000,3.91796875,49.0234375,70.8203125,1000,79.66796875,2.55859375,3984.205579,895333240.4,8275.027572,16.84526643,236.5178133,791.352255,128.6914,1,0,1000,Cartela
2.18359375,94.7265625,89.5703125,1000,2.79296875,90.2734375,89.5703125,1000,114.0429688,2.43359375,2227.026728,877131858.1,8219.422127,14.33409385,155.3657142,1414.064508,196.7877828,1,0,1000,Cartela
3.18359375,64.7265625,59.5703125,1000,3.79296875,60.2734375,59.5703125,1000,89.04296875,3.43359375,2737.009997,1027012996,5661.23978,12.99527992,210.6157016,1366.126775,181.8181818,1,181.8181818,818.1818182,Viga
2.68359375,49.7265625,74.5703125,1000,2.29296875,45.2734375,74.5703125,1000,101.5429688,3.93359375,1543.859716,1114375182,3527.533219,9.809153897,157.3896926,1272.562204,170.4545455,1,170.4545455,829.5454545,Viga
3.68359375,79.7265625,44.5703125,1000,3.29296875,75.2734375,44.5703125,1000,76.54296875,2.93359375,4243.096609,536106132.1,10959.38002,12.863801,329.8478116,2162.988597,151.8164,1,0,1000,Cartela
2.43359375,57.2265625,67.0703125,1000,3.04296875,52.7734375,67.0703125,1000,95.29296875,2.18359375,1499.391696,1145082987,3611.402503,10.30848855,145.4521378,1275.760814,170.4545455,1,170.4545455,829.5454545,Viga
3.43359375,87.2265625,97.0703125,1000,2.04296875,82.7734375,97.0703125,1000,70.29296875,3.18359375,4331.294133,950544038.1,9538.375643,15.56688333,278.2377206,691.9344326,82.7734,1,0,1000,Cartela
2.93359375,72.2265625,52.0703125,1000,3.54296875,97.7734375,52.0703125,1000,107.7929688,3.68359375,2947.024902,1176198004,6212.500638,13.96100631,211.0897192,1420.392887,241.5254237,1,241.5254237,758.4745763,Viga
3.93359375,42.2265625,82.0703125,1000,2.54296875,67.7734375,82.0703125,1000,82.79296875,2.68359375,2232.621937,630505215.3,4929.312523,13.31671102,167.6556571,1065.05449,177.9661017,1,177.9661017,822.0338983,Viga
2.12109375,74.1015625,76.4453125,1000,3.48046875,84.6484375,76.4453125,1000,90.60546875,2.87109375,1613.024444,1041037780,4728.354675,13.70032916,117.7361817,1263.702083,187.5,1,187.5,812.5,Viga
3.12109375,44.1015625,46.4453125,1000,2.48046875,54.6484375,46.4453125,1000,115.6054688,3.87109375,1477.315849,491591201.3,3601.899416,8.511689773,173.5631688,977.9595869,202.3809524,1,202.3809524,797.6190476,Viga
2.62109375,59.1015625,91.4453125,1000,3.98046875,69.6484375,91.4453125,1000,78.10546875,3.37109375,1853.386666,1130689174,5000.203002,15.97806267,115.9957064,1004.796138,163.4615385,1,163.4615385,836.5384615,Viga
3.62109375,89.1015625,61.4453125,1000,2.98046875,99.6484375,61.4453125,1000,103.1054688,2.37109375,5532.754999,1258293376,11584.26558,15.77094701,350.8194528,1576.458876,240.3846154,1,240.3846154,759.6153846,Viga
2.37109375,51.6015625,53.9453125,1000,2.73046875,62.1484375,53.9453125,1000,71.85546875,2.62109375,1228.013566,1019526087,2689.419404,8.714308913,140.9192143,1082.949759,157.5342466,1,157.5342466,842.4657534,Viga
3.37109375,81.6015625,83.9453125,1000,3.73046875,92.1484375,83.9453125,1000,96.85546875,3.62109375,4388.868632,1164743758,10203.26837,18.87507229,232.5219509,1284.567828,218.0851064,1,218.0851064,781.9148936,Viga
2.87109375,96.6015625,68.9453125,1000,2.23046875,77.1484375,68.9453125,1000,84.35546875,3.12109375,3195.475758,841750014.6,8739.940348,12.53907334,254.8414601,1432.132361,161.5039,1,0,1000,Cartela
3.87109375,66.6015625,98.9453125,1000,3.23046875,47.1484375,98.9453125,1000,109.3554688,2.12109375,4397.155752,981625490.9,9712.610924,17.12669927,256.7427432,2085.088372,206.7307692,1,206.7307692,793.2692308,Viga
2.24609375,62.8515625,80.1953125,1000,2.10546875,95.8984375,80.1953125,1000,74.98046875,2.99609375,1482.065121,1054398408,4240.401493,10.9000073,135.9691861,1080.070833,181.372549,1,181.372549,818.627451,Viga
3.24609375,92.8515625,50.1953125,1000,3.10546875,65.8984375,50.1953125,1000,99.98046875,3.99609375,4608.893244,1227227594,9904.885012,12.85303126,358.5841465,1732.849041,205.6451613,1,205.6451613,794.3548387,Viga
2.74609375,77.8515625,95.1953125,1000,2.60546875,50.8984375,95.1953125,1000,87.48046875,3.49609375,2923.205293,732561731,7027.958734,13.52015706,216.2108976,986.7729323,138.3789,1,0,1000,Cartela
3.74609375,47.8515625,65.1953125,1000,3.60546875,80.8984375,65.1953125,1000,112.4804688,2.49609375,2438.580913,667069050.8,5562.328685,14.52082575,167.9367934,1645.357894,229.8387097,1,229.8387097,770.1612903,Viga
2.49609375,85.3515625,42.6953125,1000,3.85546875,43.3984375,42.6953125,1000,93.73046875,2.74609375,2520.523713,1120800352,5713.596787,9.878359595,255.1561004,2500.332627,180,1,180,820,Viga
3.49609375,55.3515625,72.6953125,1000,2.85546875,73.3984375,72.6953125,1000,118.7304688,3.74609375,2840.545955,945218332.9,6032.652303,13.71158531,207.163934,1236.471929,220.3389831,1,220.3389831,779.6610169,Viga
2.99609375,40.3515625,57.6953125,1000,3.35546875,88.3984375,57.6953125,1000,81.23046875,3.24609375,1343.439479,682340499.2,2963.661673,12.01003903,111.8597096,1383.992879,196.969697,1,196.969697,803.030303,Viga
3.99609375,70.3515625,87.6953125,1000,2.35546875,58.3984375,87.6953125,1000,106.2304688,2.24609375,4800.902895,1006074017,10060.40096,15.07403951,318.4881459,1564.343597,202.8301887,1,202.8301887,797.1698113,Viga
2.001953125,85.17578125,84.47265625,1000,3.408203125,99.35546875,84.47265625,1000,116.3378906,3.630859375,1790.166404,900130335.6,6347.243349,15.46001399,115.7933236,1428.971439,233.6956522,1,233.6956522,766.3043478,Viga
